,support,itemsets
0,0.022222222222222223,frozenset({'FUR-AY-10004270'})
1,0.022222222222222223,frozenset({'FUR-AZ-10001146'})
2,0.022222222222222223,frozenset({'FUR-BO-10004015'})
3,0.022222222222222223,frozenset({'FUR-CH-10002084'})
4,0.022222222222222223,frozenset({'FUR-CH-10003968'})
5,0.022222222222222223,frozenset({'FUR-CH-10004698'})
6,0.022222222222222223,frozenset({'FUR-FU-10000320'})
7,0.022222222222222223,frozenset({'FUR-FU-10000576'})
8,0.022222222222222223,frozenset({'FUR-FU-10000747'})
9,0.022222222222222223,frozenset({'FUR-FU-10001185'})
10,0.022222222222222223,frozenset({'FUR-FU-10001934'})
11,0.022222222222222223,frozenset({'FUR-FU-10001935'})
12,0.022222222222222223,frozenset({'FUR-FU-10002045'})
13,0.022222222222222223,frozenset({'FUR-FU-10002505'})
14,0.022222222222222223,frozenset({'FUR-FU-10004053'})
15,0.35555555555555557,frozenset({'FUR-FU-10004351'})
16,0.022222222222222223,frozenset({'FUR-FU-10004586'})
17,0.28888888888888886,frozenset({'FUR-TA-10001095'})
18,0.022222222222222223,frozenset({'FUR-TA-10002607'})
19,0.022222222222222223,frozenset({'FUR-TA-10002645'})
20,0.022222222222222223,frozenset({'FUR-TA-10004152'})
21,0.022222222222222223,frozenset({'OFF-AP-10000240'})
22,0.022222222222222223,frozenset({'OFF-AP-10002945'})
23,0.022222222222222223,frozenset({'OFF-AP-10003849'})
24,0.022222222222222223,frozenset({'OFF-AP-10004249'})
25,0.022222222222222223,frozenset({'OFF-AP-10004336'})
26,0.022222222222222223,frozenset({'OFF-AR-10003856'})
27,0.022222222222222223,frozenset({'OFF-AR-10004441'})
28,0.022222222222222223,frozenset({'OFF-AR-10004685'})
29,0.022222222222222223,frozenset({'OFF-AR-10004707'})
30,0.022222222222222223,frozenset({'OFF-AY-10001228'})
31,0.022222222222222223,frozenset({'OFF-BI-10000309'})
32,0.022222222222222223,frozenset({'OFF-BI-10000343'})
33,0.022222222222222223,frozenset({'OFF-BI-10000494'})
34,0.022222222222222223,frozenset({'OFF-BI-10000632'})
35,0.022222222222222223,frozenset({'OFF-BI-10001553'})
36,0.022222222222222223,frozenset({'OFF-BI-10001658'})
37,0.022222222222222223,frozenset({'OFF-BI-10002813'})
38,0.022222222222222223,frozenset({'OFF-BI-10003676'})
39,0.022222222222222223,frozenset({'OFF-BI-10003784'})
40,0.022222222222222223,frozenset({'OFF-BI-10004002'})
41,0.022222222222222223,frozenset({'OFF-BI-10004040'})
42,0.022222222222222223,frozenset({'OFF-FA-10003059'})
43,0.022222222222222223,frozenset({'OFF-FA-10003485'})
44,0.022222222222222223,frozenset({'OFF-LA-10003223'})
45,0.022222222222222223,frozenset({'OFF-LA-10003923'})
46,0.022222222222222223,frozenset({'OFF-PA-10000213'})
47,0.022222222222222223,frozenset({'OFF-PA-10000312'})
48,0.022222222222222223,frozenset({'OFF-PA-10000575'})
49,0.022222222222222223,frozenset({'OFF-PA-10000994'})
50,0.022222222222222223,frozenset({'OFF-PA-10001509'})
51,0.022222222222222223,frozenset({'OFF-PA-10002246'})
52,0.022222222222222223,frozenset({'OFF-PA-10002764'})
53,0.022222222222222223,frozenset({'OFF-PA-10002787'})
54,0.022222222222222223,frozenset({'OFF-PA-10003349'})
55,0.022222222222222223,frozenset({'OFF-PA-10003883'})
56,0.022222222222222223,frozenset({'OFF-PA-10004239'})
57,0.022222222222222223,frozenset({'OFF-PA-10004285'})
58,0.022222222222222223,frozenset({'OFF-PA-10004381'})
59,0.044444444444444446,frozenset({'OFF-ST-10000078'})
60,0.022222222222222223,frozenset({'OFF-ST-10000563'})
61,0.022222222222222223,frozenset({'OFF-ST-10000736'})
62,0.022222222222222223,frozenset({'OFF-ST-10001490'})
63,0.022222222222222223,frozenset({'OFF-ST-10003058'})
64,0.022222222222222223,frozenset({'OFF-ST-10003208'})
65,0.022222222222222223,frozenset({'OFF-ST-10004337'})
66,0.022222222222222223,frozenset({'OFF-ST-10004340'})
67,0.022222222222222223,frozenset({'OFF-ST-10004459'})
68,0.022222222222222223,frozenset({'OFF-SU-10000151'})
69,0.022222222222222223,frozenset({'OFF-SU-10004782'})
70,0.022222222222222223,frozenset({'TEC-AC-10000991'})
71,0.022222222222222223,frozenset({'TEC-AC-10001767'})
72,0.022222222222222223,frozenset({'TEC-AC-10002006'})
73,0.022222222222222223,frozenset({'TEC-AC-10002473'})
74,0.022222222222222223,frozenset({'TEC-AC-10003709'})
75,0.022222222222222223,frozenset({'TEC-AC-10004469'})
76,0.022222222222222223,frozenset({'TEC-AC-10004518'})
77,0.022222222222222223,frozenset({'TEC-CO-10001571'})
78,0.022222222222222223,frozenset({'TEC-MA-10000488'})
79,0.022222222222222223,frozenset({'TEC-MA-10003979'})
80,0.022222222222222223,frozenset({'TEC-PH-10000011'})
81,0.022222222222222223,frozenset({'TEC-PH-10000193'})
82,0.022222222222222223,frozenset({'TEC-PH-10000560'})
83,0.022222222222222223,frozenset({'TEC-PH-10000576'})
84,0.022222222222222223,frozenset({'TEC-PH-10001051'})
85,0.022222222222222223,frozenset({'TEC-PH-10001448'})
86,0.022222222222222223,frozenset({'TEC-PH-10002890'})
87,0.022222222222222223,"frozenset({'FUR-AY-10004270', 'FUR-FU-10004053'})"
88,0.022222222222222223,"frozenset({'FUR-FU-10004351', 'FUR-AY-10004270'})"
89,0.022222222222222223,"frozenset({'FUR-AY-10004270', 'OFF-AR-10003856'})"
90,0.022222222222222223,"frozenset({'FUR-AY-10004270', 'OFF-PA-10002246'})"
91,0.022222222222222223,"frozenset({'FUR-AY-10004270', 'OFF-SU-10004782'})"
92,0.022222222222222223,"frozenset({'FUR-AY-10004270', 'TEC-AC-10002006'})"
93,0.022222222222222223,"frozenset({'FUR-AZ-10001146', 'OFF-ST-10000563'})"
94,0.022222222222222223,"frozenset({'FUR-FU-10004351', 'FUR-CH-10002084'})"
95,0.022222222222222223,"frozenset({'OFF-BI-10000309', 'FUR-CH-10002084'})"
96,0.022222222222222223,"frozenset({'FUR-CH-10002084', 'OFF-LA-10003923'})"
97,0.022222222222222223,"frozenset({'FUR-CH-10002084', 'TEC-AC-10001767'})"
98,0.022222222222222223,"frozenset({'TEC-MA-10000488', 'FUR-CH-10002084'})"
99,0.022222222222222223,"frozenset({'FUR-FU-10001935', 'FUR-CH-10004698'})"
100,0.022222222222222223,"frozenset({'FUR-CH-10004698', 'FUR-FU-10004586'})"
101,0.022222222222222223,"frozenset({'FUR-CH-10004698', 'OFF-BI-10003784'})"
102,0.022222222222222223,"frozenset({'FUR-FU-10004351', 'FUR-FU-10000320'})"
103,0.022222222222222223,"frozenset({'FUR-FU-10002505', 'FUR-FU-10000576'})"
104,0.022222222222222223,"frozenset({'FUR-FU-10004351', 'FUR-FU-10000576'})"
105,0.022222222222222223,"frozenset({'FUR-TA-10002607', 'FUR-FU-10000576'})"
106,0.022222222222222223,"frozenset({'FUR-FU-10000576', 'OFF-AR-10004685'})"
107,0.022222222222222223,"frozenset({'FUR-FU-10000576', 'OFF-PA-10003349'})"
108,0.022222222222222223,"frozenset({'FUR-FU-10000576', 'TEC-PH-10000011'})"
109,0.022222222222222223,"frozenset({'FUR-TA-10001095', 'FUR-FU-10000747'})"
110,0.022222222222222223,"frozenset({'OFF-BI-10003676', 'FUR-FU-10000747'})"
111,0.022222222222222223,"frozenset({'OFF-ST-10004337', 'FUR-FU-10000747'})"
112,0.022222222222222223,"frozenset({'FUR-FU-10001185', 'FUR-TA-10001095'})"
113,0.022222222222222223,"frozenset({'FUR-FU-10001185', 'OFF-BI-10000343'})"
114,0.022222222222222223,"frozenset({'FUR-FU-10001185', 'OFF-BI-10001553'})"
115,0.022222222222222223,"frozenset({'FUR-FU-10001935', 'FUR-FU-10004586'})"
116,0.022222222222222223,"frozenset({'FUR-FU-10001935', 'OFF-BI-10003784'})"
117,0.022222222222222223,"frozenset({'FUR-FU-10002045', 'FUR-TA-10001095'})"
118,0.022222222222222223,"frozenset({'FUR-FU-10002045', 'OFF-AP-10002945'})"
119,0.022222222222222223,"frozenset({'TEC-PH-10000193', 'FUR-FU-10002045'})"
120,0.022222222222222223,"frozenset({'FUR-FU-10004351', 'FUR-FU-10002505'})"
121,0.022222222222222223,"frozenset({'FUR-TA-10002607', 'FUR-FU-10002505'})"
122,0.022222222222222223,"frozenset({'FUR-FU-10002505', 'OFF-AR-10004685'})"
123,0.022222222222222223,"frozenset({'FUR-FU-10002505', 'OFF-PA-10003349'})"
124,0.022222222222222223,"frozenset({'FUR-FU-10002505', 'TEC-PH-10000011'})"
125,0.022222222222222223,"frozenset({'FUR-FU-10004351', 'FUR-FU-10004053'})"
126,0.022222222222222223,"frozenset({'FUR-FU-10004053', 'OFF-AR-10003856'})"
127,0.022222222222222223,"frozenset({'FUR-FU-10004053', 'OFF-PA-10002246'})"
128,0.022222222222222223,"frozenset({'FUR-FU-10004053', 'OFF-SU-10004782'})"
129,0.022222222222222223,"frozenset({'TEC-AC-10002006', 'FUR-FU-10004053'})"
130,0.022222222222222223,"frozenset({'FUR-TA-10002607', 'FUR-FU-10004351'})"
131,0.022222222222222223,"frozenset({'FUR-FU-10004351', 'FUR-TA-10004152'})"
132,0.022222222222222223,"frozenset({'FUR-FU-10004351', 'OFF-AP-10000240'})"
133,0.022222222222222223,"frozenset({'OFF-AP-10003849', 'FUR-FU-10004351'})"
134,0.022222222222222223,"frozenset({'FUR-FU-10004351', 'OFF-AP-10004249'})"
135,0.022222222222222223,"frozenset({'OFF-AP-10004336', 'FUR-FU-10004351'})"
136,0.022222222222222223,"frozenset({'FUR-FU-10004351', 'OFF-AR-10003856'})"
137,0.022222222222222223,"frozenset({'FUR-FU-10004351', 'OFF-AR-10004685'})"
138,0.022222222222222223,"frozenset({'OFF-AY-10001228', 'FUR-FU-10004351'})"
139,0.022222222222222223,"frozenset({'OFF-BI-10000309', 'FUR-FU-10004351'})"
140,0.022222222222222223,"frozenset({'FUR-FU-10004351', 'OFF-BI-10001658'})"
141,0.022222222222222223,"frozenset({'FUR-FU-10004351', 'OFF-LA-10003923'})"
142,0.022222222222222223,"frozenset({'FUR-FU-10004351', 'OFF-PA-10000312'})"
143,0.022222222222222223,"frozenset({'FUR-FU-10004351', 'OFF-PA-10000575'})"
144,0.022222222222222223,"frozenset({'FUR-FU-10004351', 'OFF-PA-10002246'})"
145,0.022222222222222223,"frozenset({'OFF-PA-10002787', 'FUR-FU-10004351'})"
146,0.022222222222222223,"frozenset({'FUR-FU-10004351', 'OFF-PA-10003349'})"
147,0.022222222222222223,"frozenset({'FUR-FU-10004351', 'OFF-PA-10003883'})"
148,0.022222222222222223,"frozenset({'FUR-FU-10004351', 'OFF-ST-10000078'})"
149,0.022222222222222223,"frozenset({'FUR-FU-10004351', 'OFF-ST-10001490'})"
150,0.022222222222222223,"frozenset({'FUR-FU-10004351', 'OFF-SU-10000151'})"
151,0.022222222222222223,"frozenset({'FUR-FU-10004351', 'OFF-SU-10004782'})"
152,0.022222222222222223,"frozenset({'TEC-AC-10000991', 'FUR-FU-10004351'})"
153,0.022222222222222223,"frozenset({'FUR-FU-10004351', 'TEC-AC-10001767'})"
154,0.022222222222222223,"frozenset({'FUR-FU-10004351', 'TEC-AC-10002006'})"
155,0.022222222222222223,"frozenset({'FUR-FU-10004351', 'TEC-AC-10003709'})"
156,0.022222222222222223,"frozenset({'TEC-CO-10001571', 'FUR-FU-10004351'})"
157,0.022222222222222223,"frozenset({'TEC-MA-10000488', 'FUR-FU-10004351'})"
158,0.022222222222222223,"frozenset({'FUR-FU-10004351', 'TEC-PH-10000011'})"
159,0.022222222222222223,"frozenset({'FUR-FU-10004351', 'TEC-PH-10000560'})"
160,0.022222222222222223,"frozenset({'FUR-FU-10004351', 'TEC-PH-10001051'})"
161,0.022222222222222223,"frozenset({'FUR-FU-10004586', 'OFF-BI-10003784'})"
162,0.022222222222222223,"frozenset({'OFF-AP-10002945', 'FUR-TA-10001095'})"
163,0.022222222222222223,"frozenset({'FUR-TA-10001095', 'OFF-BI-10000343'})"
164,0.022222222222222223,"frozenset({'OFF-BI-10001553', 'FUR-TA-10001095'})"
165,0.022222222222222223,"frozenset({'OFF-BI-10003676', 'FUR-TA-10001095'})"
166,0.022222222222222223,"frozenset({'OFF-BI-10004002', 'FUR-TA-10001095'})"
167,0.022222222222222223,"frozenset({'OFF-LA-10003223', 'FUR-TA-10001095'})"
168,0.022222222222222223,"frozenset({'OFF-PA-10000213', 'FUR-TA-10001095'})"
169,0.022222222222222223,"frozenset({'OFF-PA-10002764', 'FUR-TA-10001095'})"
170,0.022222222222222223,"frozenset({'OFF-ST-10000078', 'FUR-TA-10001095'})"
171,0.022222222222222223,"frozenset({'OFF-ST-10003208', 'FUR-TA-10001095'})"
172,0.022222222222222223,"frozenset({'OFF-ST-10004337', 'FUR-TA-10001095'})"
173,0.022222222222222223,"frozenset({'OFF-ST-10004340', 'FUR-TA-10001095'})"
174,0.022222222222222223,"frozenset({'TEC-AC-10004469', 'FUR-TA-10001095'})"
175,0.022222222222222223,"frozenset({'TEC-AC-10004518', 'FUR-TA-10001095'})"
176,0.022222222222222223,"frozenset({'TEC-MA-10003979', 'FUR-TA-10001095'})"
177,0.022222222222222223,"frozenset({'TEC-PH-10000193', 'FUR-TA-10001095'})"
178,0.022222222222222223,"frozenset({'TEC-PH-10001448', 'FUR-TA-10001095'})"
179,0.022222222222222223,"frozenset({'FUR-TA-10002607', 'OFF-AR-10004685'})"
180,0.022222222222222223,"frozenset({'FUR-TA-10002607', 'OFF-PA-10003349'})"
181,0.022222222222222223,"frozenset({'FUR-TA-10002607', 'TEC-PH-10000011'})"
182,0.022222222222222223,"frozenset({'OFF-BI-10000632', 'FUR-TA-10002645'})"
183,0.022222222222222223,"frozenset({'FUR-TA-10002645', 'OFF-FA-10003485'})"
184,0.022222222222222223,"frozenset({'TEC-AC-10002473', 'FUR-TA-10002645'})"
185,0.022222222222222223,"frozenset({'OFF-AP-10004249', 'FUR-TA-10004152'})"
186,0.022222222222222223,"frozenset({'OFF-PA-10000312', 'FUR-TA-10004152'})"
187,0.022222222222222223,"frozenset({'OFF-ST-10001490', 'FUR-TA-10004152'})"
188,0.022222222222222223,"frozenset({'FUR-TA-10004152', 'TEC-PH-10000560'})"
189,0.022222222222222223,"frozenset({'FUR-TA-10004152', 'TEC-PH-10001051'})"
190,0.022222222222222223,"frozenset({'OFF-AP-10000240', 'OFF-PA-10000575'})"
191,0.022222222222222223,"frozenset({'TEC-PH-10000193', 'OFF-AP-10002945'})"
192,0.022222222222222223,"frozenset({'OFF-AP-10003849', 'OFF-BI-10001658'})"
193,0.022222222222222223,"frozenset({'OFF-AP-10003849', 'OFF-ST-10000078'})"
194,0.022222222222222223,"frozenset({'TEC-CO-10001571', 'OFF-AP-10003849'})"
195,0.022222222222222223,"frozenset({'OFF-AP-10004249', 'OFF-PA-10000312'})"
196,0.022222222222222223,"frozenset({'OFF-AP-10004249', 'OFF-ST-10001490'})"
197,0.022222222222222223,"frozenset({'OFF-AP-10004249', 'TEC-PH-10000560'})"
198,0.022222222222222223,"frozenset({'OFF-AP-10004249', 'TEC-PH-10001051'})"
199,0.022222222222222223,"frozenset({'OFF-AP-10004336', 'TEC-AC-10003709'})"
200,0.022222222222222223,"frozenset({'OFF-PA-10002246', 'OFF-AR-10003856'})"
201,0.022222222222222223,"frozenset({'OFF-SU-10004782', 'OFF-AR-10003856'})"
202,0.022222222222222223,"frozenset({'TEC-AC-10002006', 'OFF-AR-10003856'})"
203,0.022222222222222223,"frozenset({'TEC-PH-10000576', 'OFF-AR-10004441'})"
204,0.022222222222222223,"frozenset({'OFF-AR-10004685', 'OFF-PA-10003349'})"
205,0.022222222222222223,"frozenset({'OFF-AR-10004685', 'TEC-PH-10000011'})"
206,0.022222222222222223,"frozenset({'OFF-AR-10004707', 'OFF-BI-10004040'})"
207,0.022222222222222223,"frozenset({'OFF-AY-10001228', 'OFF-SU-10000151'})"
208,0.022222222222222223,"frozenset({'OFF-BI-10000309', 'OFF-LA-10003923'})"
209,0.022222222222222223,"frozenset({'OFF-BI-10000309', 'TEC-AC-10001767'})"
210,0.022222222222222223,"frozenset({'TEC-MA-10000488', 'OFF-BI-10000309'})"
211,0.022222222222222223,"frozenset({'OFF-BI-10001553', 'OFF-BI-10000343'})"
212,0.022222222222222223,"frozenset({'OFF-BI-10000632', 'OFF-FA-10003485'})"
213,0.022222222222222223,"frozenset({'OFF-BI-10000632', 'TEC-AC-10002473'})"
214,0.022222222222222223,"frozenset({'OFF-ST-10000078', 'OFF-BI-10001658'})"
215,0.022222222222222223,"frozenset({'TEC-CO-10001571', 'OFF-BI-10001658'})"
216,0.022222222222222223,"frozenset({'OFF-BI-10003676', 'OFF-ST-10004337'})"
217,0.022222222222222223,"frozenset({'OFF-BI-10004002', 'TEC-AC-10004518'})"
218,0.022222222222222223,"frozenset({'OFF-FA-10003059', 'OFF-PA-10000994'})"
219,0.022222222222222223,"frozenset({'OFF-FA-10003059', 'OFF-PA-10004381'})"
220,0.022222222222222223,"frozenset({'OFF-FA-10003059', 'TEC-PH-10002890'})"
221,0.022222222222222223,"frozenset({'TEC-AC-10002473', 'OFF-FA-10003485'})"
222,0.022222222222222223,"frozenset({'OFF-LA-10003223', 'OFF-ST-10004340'})"
223,0.022222222222222223,"frozenset({'TEC-PH-10001448', 'OFF-LA-10003223'})"
224,0.022222222222222223,"frozenset({'TEC-AC-10001767', 'OFF-LA-10003923'})"
225,0.022222222222222223,"frozenset({'TEC-MA-10000488', 'OFF-LA-10003923'})"
226,0.022222222222222223,"frozenset({'OFF-PA-10000312', 'OFF-ST-10001490'})"
227,0.022222222222222223,"frozenset({'OFF-PA-10000312', 'TEC-PH-10000560'})"
228,0.022222222222222223,"frozenset({'OFF-PA-10000312', 'TEC-PH-10001051'})"
229,0.022222222222222223,"frozenset({'OFF-PA-10000994', 'OFF-PA-10004381'})"
230,0.022222222222222223,"frozenset({'OFF-PA-10000994', 'TEC-PH-10002890'})"
231,0.022222222222222223,"frozenset({'OFF-SU-10004782', 'OFF-PA-10002246'})"
232,0.022222222222222223,"frozenset({'TEC-AC-10002006', 'OFF-PA-10002246'})"
233,0.022222222222222223,"frozenset({'OFF-ST-10003208', 'OFF-PA-10002764'})"
234,0.022222222222222223,"frozenset({'OFF-PA-10002764', 'TEC-MA-10003979'})"
235,0.022222222222222223,"frozenset({'OFF-PA-10002787', 'OFF-PA-10003883'})"
236,0.022222222222222223,"frozenset({'TEC-AC-10000991', 'OFF-PA-10002787'})"
237,0.022222222222222223,"frozenset({'TEC-PH-10000011', 'OFF-PA-10003349'})"
238,0.022222222222222223,"frozenset({'TEC-AC-10000991', 'OFF-PA-10003883'})"
239,0.022222222222222223,"frozenset({'OFF-PA-10004239', 'OFF-ST-10003058'})"
240,0.022222222222222223,"frozenset({'TEC-PH-10002890', 'OFF-PA-10004381'})"
241,0.022222222222222223,"frozenset({'TEC-CO-10001571', 'OFF-ST-10000078'})"
242,0.022222222222222223,"frozenset({'OFF-ST-10001490', 'TEC-PH-10000560'})"
243,0.022222222222222223,"frozenset({'OFF-ST-10001490', 'TEC-PH-10001051'})"
244,0.022222222222222223,"frozenset({'OFF-ST-10003208', 'TEC-MA-10003979'})"
245,0.022222222222222223,"frozenset({'TEC-PH-10001448', 'OFF-ST-10004340'})"
246,0.022222222222222223,"frozenset({'TEC-AC-10002006', 'OFF-SU-10004782'})"
247,0.022222222222222223,"frozenset({'TEC-MA-10000488', 'TEC-AC-10001767'})"
248,0.022222222222222223,"frozenset({'TEC-PH-10001051', 'TEC-PH-10000560'})"
249,0.022222222222222223,"frozenset({'FUR-FU-10004351', 'FUR-AY-10004270', 'FUR-FU-10004053'})"
250,0.022222222222222223,"frozenset({'FUR-AY-10004270', 'FUR-FU-10004053', 'OFF-AR-10003856'})"
251,0.022222222222222223,"frozenset({'FUR-AY-10004270', 'FUR-FU-10004053', 'OFF-PA-10002246'})"
252,0.022222222222222223,"frozenset({'FUR-AY-10004270', 'FUR-FU-10004053', 'OFF-SU-10004782'})"
253,0.022222222222222223,"frozenset({'FUR-AY-10004270', 'TEC-AC-10002006', 'FUR-FU-10004053'})"
254,0.022222222222222223,"frozenset({'FUR-FU-10004351', 'FUR-AY-10004270', 'OFF-AR-10003856'})"
255,0.022222222222222223,"frozenset({'FUR-FU-10004351', 'FUR-AY-10004270', 'OFF-PA-10002246'})"
256,0.022222222222222223,"frozenset({'FUR-FU-10004351', 'FUR-AY-10004270', 'OFF-SU-10004782'})"
257,0.022222222222222223,"frozenset({'FUR-FU-10004351', 'FUR-AY-10004270', 'TEC-AC-10002006'})"
258,0.022222222222222223,"frozenset({'FUR-AY-10004270', 'OFF-PA-10002246', 'OFF-AR-10003856'})"
259,0.022222222222222223,"frozenset({'FUR-AY-10004270', 'OFF-SU-10004782', 'OFF-AR-10003856'})"
260,0.022222222222222223,"frozenset({'FUR-AY-10004270', 'TEC-AC-10002006', 'OFF-AR-10003856'})"
261,0.022222222222222223,"frozenset({'FUR-AY-10004270', 'OFF-SU-10004782', 'OFF-PA-10002246'})"
262,0.022222222222222223,"frozenset({'FUR-AY-10004270', 'TEC-AC-10002006', 'OFF-PA-10002246'})"
263,0.022222222222222223,"frozenset({'FUR-AY-10004270', 'TEC-AC-10002006', 'OFF-SU-10004782'})"
264,0.022222222222222223,"frozenset({'OFF-BI-10000309', 'FUR-CH-10002084', 'FUR-FU-10004351'})"
265,0.022222222222222223,"frozenset({'FUR-FU-10004351', 'FUR-CH-10002084', 'OFF-LA-10003923'})"
266,0.022222222222222223,"frozenset({'FUR-FU-10004351', 'FUR-CH-10002084', 'TEC-AC-10001767'})"
267,0.022222222222222223,"frozenset({'TEC-MA-10000488', 'FUR-FU-10004351', 'FUR-CH-10002084'})"
268,0.022222222222222223,"frozenset({'OFF-BI-10000309', 'FUR-CH-10002084', 'OFF-LA-10003923'})"
269,0.022222222222222223,"frozenset({'OFF-BI-10000309', 'FUR-CH-10002084', 'TEC-AC-10001767'})"
270,0.022222222222222223,"frozenset({'TEC-MA-10000488', 'OFF-BI-10000309', 'FUR-CH-10002084'})"
271,0.022222222222222223,"frozenset({'TEC-AC-10001767', 'FUR-CH-10002084', 'OFF-LA-10003923'})"
272,0.022222222222222223,"frozenset({'TEC-MA-10000488', 'FUR-CH-10002084', 'OFF-LA-10003923'})"
273,0.022222222222222223,"frozenset({'TEC-MA-10000488', 'FUR-CH-10002084', 'TEC-AC-10001767'})"
274,0.022222222222222223,"frozenset({'FUR-FU-10001935', 'FUR-FU-10004586', 'FUR-CH-10004698'})"
275,0.022222222222222223,"frozenset({'FUR-FU-10001935', 'FUR-CH-10004698', 'OFF-BI-10003784'})"
276,0.022222222222222223,"frozenset({'FUR-CH-10004698', 'FUR-FU-10004586', 'OFF-BI-10003784'})"
277,0.022222222222222223,"frozenset({'FUR-FU-10004351', 'FUR-FU-10002505', 'FUR-FU-10000576'})"
278,0.022222222222222223,"frozenset({'FUR-TA-10002607', 'FUR-FU-10002505', 'FUR-FU-10000576'})"
279,0.022222222222222223,"frozenset({'FUR-FU-10002505', 'FUR-FU-10000576', 'OFF-AR-10004685'})"
280,0.022222222222222223,"frozenset({'FUR-FU-10002505', 'FUR-FU-10000576', 'OFF-PA-10003349'})"
281,0.022222222222222223,"frozenset({'FUR-FU-10002505', 'FUR-FU-10000576', 'TEC-PH-10000011'})"
282,0.022222222222222223,"frozenset({'FUR-TA-10002607', 'FUR-FU-10004351', 'FUR-FU-10000576'})"
283,0.022222222222222223,"frozenset({'FUR-FU-10004351', 'FUR-FU-10000576', 'OFF-AR-10004685'})"
284,0.022222222222222223,"frozenset({'FUR-FU-10004351', 'FUR-FU-10000576', 'OFF-PA-10003349'})"
285,0.022222222222222223,"frozenset({'FUR-FU-10004351', 'FUR-FU-10000576', 'TEC-PH-10000011'})"
286,0.022222222222222223,"frozenset({'FUR-TA-10002607', 'FUR-FU-10000576', 'OFF-AR-10004685'})"
287,0.022222222222222223,"frozenset({'FUR-TA-10002607', 'FUR-FU-10000576', 'OFF-PA-10003349'})"
288,0.022222222222222223,"frozenset({'FUR-TA-10002607', 'FUR-FU-10000576', 'TEC-PH-10000011'})"
289,0.022222222222222223,"frozenset({'FUR-FU-10000576', 'OFF-AR-10004685', 'OFF-PA-10003349'})"
290,0.022222222222222223,"frozenset({'FUR-FU-10000576', 'OFF-AR-10004685', 'TEC-PH-10000011'})"
291,0.022222222222222223,"frozenset({'FUR-FU-10000576', 'TEC-PH-10000011', 'OFF-PA-10003349'})"
292,0.022222222222222223,"frozenset({'OFF-BI-10003676', 'FUR-TA-10001095', 'FUR-FU-10000747'})"
293,0.022222222222222223,"frozenset({'FUR-TA-10001095', 'OFF-ST-10004337', 'FUR-FU-10000747'})"
294,0.022222222222222223,"frozenset({'OFF-BI-10003676', 'OFF-ST-10004337', 'FUR-FU-10000747'})"
295,0.022222222222222223,"frozenset({'FUR-FU-10001185', 'FUR-TA-10001095', 'OFF-BI-10000343'})"
296,0.022222222222222223,"frozenset({'FUR-FU-10001185', 'OFF-BI-10001553', 'FUR-TA-10001095'})"
297,0.022222222222222223,"frozenset({'FUR-FU-10001185', 'OFF-BI-10001553', 'OFF-BI-10000343'})"
298,0.022222222222222223,"frozenset({'FUR-FU-10001935', 'FUR-FU-10004586', 'OFF-BI-10003784'})"
299,0.022222222222222223,"frozenset({'FUR-FU-10002045', 'OFF-AP-10002945', 'FUR-TA-10001095'})"
300,0.022222222222222223,"frozenset({'TEC-PH-10000193', 'FUR-FU-10002045', 'FUR-TA-10001095'})"
301,0.022222222222222223,"frozenset({'TEC-PH-10000193', 'FUR-FU-10002045', 'OFF-AP-10002945'})"
302,0.022222222222222223,"frozenset({'FUR-TA-10002607', 'FUR-FU-10004351', 'FUR-FU-10002505'})"
303,0.022222222222222223,"frozenset({'FUR-FU-10004351', 'FUR-FU-10002505', 'OFF-AR-10004685'})"
304,0.022222222222222223,"frozenset({'FUR-FU-10004351', 'FUR-FU-10002505', 'OFF-PA-10003349'})"
305,0.022222222222222223,"frozenset({'FUR-FU-10004351', 'FUR-FU-10002505', 'TEC-PH-10000011'})"
306,0.022222222222222223,"frozenset({'FUR-TA-10002607', 'FUR-FU-10002505', 'OFF-AR-10004685'})"
307,0.022222222222222223,"frozenset({'FUR-TA-10002607', 'FUR-FU-10002505', 'OFF-PA-10003349'})"
308,0.022222222222222223,"frozenset({'FUR-TA-10002607', 'FUR-FU-10002505', 'TEC-PH-10000011'})"
309,0.022222222222222223,"frozenset({'FUR-FU-10002505', 'OFF-AR-10004685', 'OFF-PA-10003349'})"
310,0.022222222222222223,"frozenset({'FUR-FU-10002505', 'OFF-AR-10004685', 'TEC-PH-10000011'})"
311,0.022222222222222223,"frozenset({'FUR-FU-10002505', 'TEC-PH-10000011', 'OFF-PA-10003349'})"
312,0.022222222222222223,"frozenset({'FUR-FU-10004351', 'FUR-FU-10004053', 'OFF-AR-10003856'})"
313,0.022222222222222223,"frozenset({'FUR-FU-10004351', 'FUR-FU-10004053', 'OFF-PA-10002246'})"
314,0.022222222222222223,"frozenset({'FUR-FU-10004351', 'FUR-FU-10004053', 'OFF-SU-10004782'})"
315,0.022222222222222223,"frozenset({'FUR-FU-10004351', 'TEC-AC-10002006', 'FUR-FU-10004053'})"
316,0.022222222222222223,"frozenset({'OFF-PA-10002246', 'FUR-FU-10004053', 'OFF-AR-10003856'})"
317,0.022222222222222223,"frozenset({'FUR-FU-10004053', 'OFF-SU-10004782', 'OFF-AR-10003856'})"
318,0.022222222222222223,"frozenset({'TEC-AC-10002006', 'FUR-FU-10004053', 'OFF-AR-10003856'})"
319,0.022222222222222223,"frozenset({'FUR-FU-10004053', 'OFF-SU-10004782', 'OFF-PA-10002246'})"
320,0.022222222222222223,"frozenset({'TEC-AC-10002006', 'FUR-FU-10004053', 'OFF-PA-10002246'})"
321,0.022222222222222223,"frozenset({'TEC-AC-10002006', 'FUR-FU-10004053', 'OFF-SU-10004782'})"
322,0.022222222222222223,"frozenset({'FUR-TA-10002607', 'FUR-FU-10004351', 'OFF-AR-10004685'})"
323,0.022222222222222223,"frozenset({'FUR-TA-10002607', 'FUR-FU-10004351', 'OFF-PA-10003349'})"
324,0.022222222222222223,"frozenset({'FUR-TA-10002607', 'FUR-FU-10004351', 'TEC-PH-10000011'})"
325,0.022222222222222223,"frozenset({'FUR-FU-10004351', 'OFF-AP-10004249', 'FUR-TA-10004152'})"
326,0.022222222222222223,"frozenset({'FUR-FU-10004351', 'OFF-PA-10000312', 'FUR-TA-10004152'})"
327,0.022222222222222223,"frozenset({'FUR-FU-10004351', 'OFF-ST-10001490', 'FUR-TA-10004152'})"
328,0.022222222222222223,"frozenset({'FUR-FU-10004351', 'FUR-TA-10004152', 'TEC-PH-10000560'})"
329,0.022222222222222223,"frozenset({'FUR-FU-10004351', 'FUR-TA-10004152', 'TEC-PH-10001051'})"
330,0.022222222222222223,"frozenset({'FUR-FU-10004351', 'OFF-AP-10000240', 'OFF-PA-10000575'})"
331,0.022222222222222223,"frozenset({'OFF-AP-10003849', 'OFF-BI-10001658', 'FUR-FU-10004351'})"
332,0.022222222222222223,"frozenset({'OFF-AP-10003849', 'OFF-ST-10000078', 'FUR-FU-10004351'})"
333,0.022222222222222223,"frozenset({'TEC-CO-10001571', 'OFF-AP-10003849', 'FUR-FU-10004351'})"
334,0.022222222222222223,"frozenset({'FUR-FU-10004351', 'OFF-AP-10004249', 'OFF-PA-10000312'})"
335,0.022222222222222223,"frozenset({'FUR-FU-10004351', 'OFF-AP-10004249', 'OFF-ST-10001490'})"
336,0.022222222222222223,"frozenset({'FUR-FU-10004351', 'OFF-AP-10004249', 'TEC-PH-10000560'})"
337,0.022222222222222223,"frozenset({'FUR-FU-10004351', 'OFF-AP-10004249', 'TEC-PH-10001051'})"
338,0.022222222222222223,"frozenset({'OFF-AP-10004336', 'FUR-FU-10004351', 'TEC-AC-10003709'})"
339,0.022222222222222223,"frozenset({'FUR-FU-10004351', 'OFF-PA-10002246', 'OFF-AR-10003856'})"
340,0.022222222222222223,"frozenset({'FUR-FU-10004351', 'OFF-SU-10004782', 'OFF-AR-10003856'})"
341,0.022222222222222223,"frozenset({'FUR-FU-10004351', 'TEC-AC-10002006', 'OFF-AR-10003856'})"
342,0.022222222222222223,"frozenset({'FUR-FU-10004351', 'OFF-AR-10004685', 'OFF-PA-10003349'})"
343,0.022222222222222223,"frozenset({'FUR-FU-10004351', 'OFF-AR-10004685', 'TEC-PH-10000011'})"
344,0.022222222222222223,"frozenset({'OFF-AY-10001228', 'FUR-FU-10004351', 'OFF-SU-10000151'})"
345,0.022222222222222223,"frozenset({'OFF-BI-10000309', 'OFF-LA-10003923', 'FUR-FU-10004351'})"
346,0.022222222222222223,"frozenset({'OFF-BI-10000309', 'TEC-AC-10001767', 'FUR-FU-10004351'})"
347,0.022222222222222223,"frozenset({'TEC-MA-10000488', 'OFF-BI-10000309', 'FUR-FU-10004351'})"
348,0.022222222222222223,"frozenset({'FUR-FU-10004351', 'OFF-ST-10000078', 'OFF-BI-10001658'})"
349,0.022222222222222223,"frozenset({'TEC-CO-10001571', 'OFF-BI-10001658', 'FUR-FU-10004351'})"
350,0.022222222222222223,"frozenset({'TEC-AC-10001767', 'FUR-FU-10004351', 'OFF-LA-10003923'})"
351,0.022222222222222223,"frozenset({'TEC-MA-10000488', 'FUR-FU-10004351', 'OFF-LA-10003923'})"
352,0.022222222222222223,"frozenset({'FUR-FU-10004351', 'OFF-PA-10000312', 'OFF-ST-10001490'})"
353,0.022222222222222223,"frozenset({'FUR-FU-10004351', 'OFF-PA-10000312', 'TEC-PH-10000560'})"
354,0.022222222222222223,"frozenset({'FUR-FU-10004351', 'OFF-PA-10000312', 'TEC-PH-10001051'})"
355,0.022222222222222223,"frozenset({'FUR-FU-10004351', 'OFF-SU-10004782', 'OFF-PA-10002246'})"
356,0.022222222222222223,"frozenset({'FUR-FU-10004351', 'TEC-AC-10002006', 'OFF-PA-10002246'})"
357,0.022222222222222223,"frozenset({'OFF-PA-10002787', 'OFF-PA-10003883', 'FUR-FU-10004351'})"
358,0.022222222222222223,"frozenset({'TEC-AC-10000991', 'OFF-PA-10002787', 'FUR-FU-10004351'})"
359,0.022222222222222223,"frozenset({'FUR-FU-10004351', 'TEC-PH-10000011', 'OFF-PA-10003349'})"
360,0.022222222222222223,"frozenset({'TEC-AC-10000991', 'FUR-FU-10004351', 'OFF-PA-10003883'})"
361,0.022222222222222223,"frozenset({'TEC-CO-10001571', 'OFF-ST-10000078', 'FUR-FU-10004351'})"
362,0.022222222222222223,"frozenset({'FUR-FU-10004351', 'OFF-ST-10001490', 'TEC-PH-10000560'})"
363,0.022222222222222223,"frozenset({'FUR-FU-10004351', 'OFF-ST-10001490', 'TEC-PH-10001051'})"
364,0.022222222222222223,"frozenset({'FUR-FU-10004351', 'TEC-AC-10002006', 'OFF-SU-10004782'})"
365,0.022222222222222223,"frozenset({'TEC-MA-10000488', 'FUR-FU-10004351', 'TEC-AC-10001767'})"
366,0.022222222222222223,"frozenset({'FUR-FU-10004351', 'TEC-PH-10001051', 'TEC-PH-10000560'})"
367,0.022222222222222223,"frozenset({'TEC-PH-10000193', 'OFF-AP-10002945', 'FUR-TA-10001095'})"
368,0.022222222222222223,"frozenset({'FUR-TA-10001095', 'OFF-BI-10001553', 'OFF-BI-10000343'})"
369,0.022222222222222223,"frozenset({'OFF-BI-10003676', 'OFF-ST-10004337', 'FUR-TA-10001095'})"
370,0.022222222222222223,"frozenset({'OFF-BI-10004002', 'TEC-AC-10004518', 'FUR-TA-10001095'})"
371,0.022222222222222223,"frozenset({'OFF-LA-10003223', 'OFF-ST-10004340', 'FUR-TA-10001095'})"
372,0.022222222222222223,"frozenset({'TEC-PH-10001448', 'OFF-LA-10003223', 'FUR-TA-10001095'})"
373,0.022222222222222223,"frozenset({'OFF-ST-10003208', 'OFF-PA-10002764', 'FUR-TA-10001095'})"
374,0.022222222222222223,"frozenset({'OFF-PA-10002764', 'TEC-MA-10003979', 'FUR-TA-10001095'})"
375,0.022222222222222223,"frozenset({'OFF-ST-10003208', 'TEC-MA-10003979', 'FUR-TA-10001095'})"
376,0.022222222222222223,"frozenset({'TEC-PH-10001448', 'OFF-ST-10004340', 'FUR-TA-10001095'})"
377,0.022222222222222223,"frozenset({'FUR-TA-10002607', 'OFF-AR-10004685', 'OFF-PA-10003349'})"
378,0.022222222222222223,"frozenset({'FUR-TA-10002607', 'OFF-AR-10004685', 'TEC-PH-10000011'})"
379,0.022222222222222223,"frozenset({'FUR-TA-10002607', 'TEC-PH-10000011', 'OFF-PA-10003349'})"
380,0.022222222222222223,"frozenset({'OFF-BI-10000632', 'FUR-TA-10002645', 'OFF-FA-10003485'})"
381,0.022222222222222223,"frozenset({'OFF-BI-10000632', 'TEC-AC-10002473', 'FUR-TA-10002645'})"
382,0.022222222222222223,"frozenset({'TEC-AC-10002473', 'FUR-TA-10002645', 'OFF-FA-10003485'})"
383,0.022222222222222223,"frozenset({'OFF-AP-10004249', 'OFF-PA-10000312', 'FUR-TA-10004152'})"
384,0.022222222222222223,"frozenset({'OFF-ST-10001490', 'OFF-AP-10004249', 'FUR-TA-10004152'})"
385,0.022222222222222223,"frozenset({'OFF-AP-10004249', 'FUR-TA-10004152', 'TEC-PH-10000560'})"
386,0.022222222222222223,"frozenset({'OFF-AP-10004249', 'FUR-TA-10004152', 'TEC-PH-10001051'})"
387,0.022222222222222223,"frozenset({'OFF-ST-10001490', 'OFF-PA-10000312', 'FUR-TA-10004152'})"
388,0.022222222222222223,"frozenset({'OFF-PA-10000312', 'FUR-TA-10004152', 'TEC-PH-10000560'})"
389,0.022222222222222223,"frozenset({'OFF-PA-10000312', 'FUR-TA-10004152', 'TEC-PH-10001051'})"
390,0.022222222222222223,"frozenset({'OFF-ST-10001490', 'FUR-TA-10004152', 'TEC-PH-10000560'})"
391,0.022222222222222223,"frozenset({'OFF-ST-10001490', 'FUR-TA-10004152', 'TEC-PH-10001051'})"
392,0.022222222222222223,"frozenset({'TEC-PH-10001051', 'FUR-TA-10004152', 'TEC-PH-10000560'})"
393,0.022222222222222223,"frozenset({'OFF-AP-10003849', 'OFF-ST-10000078', 'OFF-BI-10001658'})"
394,0.022222222222222223,"frozenset({'TEC-CO-10001571', 'OFF-BI-10001658', 'OFF-AP-10003849'})"
395,0.022222222222222223,"frozenset({'TEC-CO-10001571', 'OFF-ST-10000078', 'OFF-AP-10003849'})"
396,0.022222222222222223,"frozenset({'OFF-AP-10004249', 'OFF-PA-10000312', 'OFF-ST-10001490'})"
397,0.022222222222222223,"frozenset({'OFF-AP-10004249', 'OFF-PA-10000312', 'TEC-PH-10000560'})"
398,0.022222222222222223,"frozenset({'OFF-AP-10004249', 'OFF-PA-10000312', 'TEC-PH-10001051'})"
399,0.022222222222222223,"frozenset({'OFF-AP-10004249', 'OFF-ST-10001490', 'TEC-PH-10000560'})"
400,0.022222222222222223,"frozenset({'OFF-AP-10004249', 'OFF-ST-10001490', 'TEC-PH-10001051'})"
401,0.022222222222222223,"frozenset({'OFF-AP-10004249', 'TEC-PH-10001051', 'TEC-PH-10000560'})"
402,0.022222222222222223,"frozenset({'OFF-PA-10002246', 'OFF-SU-10004782', 'OFF-AR-10003856'})"
403,0.022222222222222223,"frozenset({'OFF-PA-10002246', 'TEC-AC-10002006', 'OFF-AR-10003856'})"
404,0.022222222222222223,"frozenset({'TEC-AC-10002006', 'OFF-SU-10004782', 'OFF-AR-10003856'})"
405,0.022222222222222223,"frozenset({'OFF-AR-10004685', 'TEC-PH-10000011', 'OFF-PA-10003349'})"
406,0.022222222222222223,"frozenset({'TEC-AC-10001767', 'OFF-BI-10000309', 'OFF-LA-10003923'})"
407,0.022222222222222223,"frozenset({'TEC-MA-10000488', 'OFF-BI-10000309', 'OFF-LA-10003923'})"
408,0.022222222222222223,"frozenset({'TEC-MA-10000488', 'OFF-BI-10000309', 'TEC-AC-10001767'})"
409,0.022222222222222223,"frozenset({'OFF-BI-10000632', 'TEC-AC-10002473', 'OFF-FA-10003485'})"
410,0.022222222222222223,"frozenset({'TEC-CO-10001571', 'OFF-ST-10000078', 'OFF-BI-10001658'})"
411,0.022222222222222223,"frozenset({'OFF-FA-10003059', 'OFF-PA-10000994', 'OFF-PA-10004381'})"
412,0.022222222222222223,"frozenset({'OFF-FA-10003059', 'OFF-PA-10000994', 'TEC-PH-10002890'})"
413,0.022222222222222223,"frozenset({'OFF-FA-10003059', 'TEC-PH-10002890', 'OFF-PA-10004381'})"
414,0.022222222222222223,"frozenset({'TEC-PH-10001448', 'OFF-LA-10003223', 'OFF-ST-10004340'})"
415,0.022222222222222223,"frozenset({'TEC-MA-10000488', 'OFF-LA-10003923', 'TEC-AC-10001767'})"
416,0.022222222222222223,"frozenset({'OFF-PA-10000312', 'OFF-ST-10001490', 'TEC-PH-10000560'})"
417,0.022222222222222223,"frozenset({'OFF-PA-10000312', 'OFF-ST-10001490', 'TEC-PH-10001051'})"
418,0.022222222222222223,"frozenset({'TEC-PH-10001051', 'OFF-PA-10000312', 'TEC-PH-10000560'})"
419,0.022222222222222223,"frozenset({'OFF-PA-10000994', 'TEC-PH-10002890', 'OFF-PA-10004381'})"
420,0.022222222222222223,"frozenset({'TEC-AC-10002006', 'OFF-SU-10004782', 'OFF-PA-10002246'})"
421,0.022222222222222223,"frozenset({'OFF-ST-10003208', 'OFF-PA-10002764', 'TEC-MA-10003979'})"
422,0.022222222222222223,"frozenset({'TEC-AC-10000991', 'OFF-PA-10002787', 'OFF-PA-10003883'})"
423,0.022222222222222223,"frozenset({'TEC-PH-10001051', 'OFF-ST-10001490', 'TEC-PH-10000560'})"
424,0.022222222222222223,"frozenset({'FUR-FU-10004351', 'FUR-AY-10004270', 'FUR-FU-10004053', 'OFF-AR-10003856'})"
425,0.022222222222222223,"frozenset({'FUR-FU-10004351', 'FUR-AY-10004270', 'FUR-FU-10004053', 'OFF-PA-10002246'})"
426,0.022222222222222223,"frozenset({'FUR-FU-10004351', 'FUR-AY-10004270', 'FUR-FU-10004053', 'OFF-SU-10004782'})"
427,0.022222222222222223,"frozenset({'FUR-FU-10004351', 'FUR-AY-10004270', 'TEC-AC-10002006', 'FUR-FU-10004053'})"
428,0.022222222222222223,"frozenset({'FUR-AY-10004270', 'OFF-PA-10002246', 'FUR-FU-10004053', 'OFF-AR-10003856'})"
429,0.022222222222222223,"frozenset({'FUR-AY-10004270', 'FUR-FU-10004053', 'OFF-SU-10004782', 'OFF-AR-10003856'})"
430,0.022222222222222223,"frozenset({'FUR-AY-10004270', 'TEC-AC-10002006', 'FUR-FU-10004053', 'OFF-AR-10003856'})"
431,0.022222222222222223,"frozenset({'FUR-AY-10004270', 'FUR-FU-10004053', 'OFF-SU-10004782', 'OFF-PA-10002246'})"
432,0.022222222222222223,"frozenset({'FUR-AY-10004270', 'TEC-AC-10002006', 'FUR-FU-10004053', 'OFF-PA-10002246'})"
433,0.022222222222222223,"frozenset({'FUR-AY-10004270', 'TEC-AC-10002006', 'FUR-FU-10004053', 'OFF-SU-10004782'})"
434,0.022222222222222223,"frozenset({'FUR-FU-10004351', 'FUR-AY-10004270', 'OFF-PA-10002246', 'OFF-AR-10003856'})"
435,0.022222222222222223,"frozenset({'FUR-FU-10004351', 'FUR-AY-10004270', 'OFF-SU-10004782', 'OFF-AR-10003856'})"
436,0.022222222222222223,"frozenset({'FUR-FU-10004351', 'FUR-AY-10004270', 'TEC-AC-10002006', 'OFF-AR-10003856'})"
437,0.022222222222222223,"frozenset({'FUR-FU-10004351', 'FUR-AY-10004270', 'OFF-SU-10004782', 'OFF-PA-10002246'})"
438,0.022222222222222223,"frozenset({'FUR-FU-10004351', 'FUR-AY-10004270', 'TEC-AC-10002006', 'OFF-PA-10002246'})"
439,0.022222222222222223,"frozenset({'FUR-FU-10004351', 'FUR-AY-10004270', 'TEC-AC-10002006', 'OFF-SU-10004782'})"
440,0.022222222222222223,"frozenset({'FUR-AY-10004270', 'OFF-PA-10002246', 'OFF-SU-10004782', 'OFF-AR-10003856'})"
441,0.022222222222222223,"frozenset({'FUR-AY-10004270', 'TEC-AC-10002006', 'OFF-PA-10002246', 'OFF-AR-10003856'})"
442,0.022222222222222223,"frozenset({'FUR-AY-10004270', 'TEC-AC-10002006', 'OFF-SU-10004782', 'OFF-AR-10003856'})"
443,0.022222222222222223,"frozenset({'FUR-AY-10004270', 'TEC-AC-10002006', 'OFF-SU-10004782', 'OFF-PA-10002246'})"
444,0.022222222222222223,"frozenset({'OFF-BI-10000309', 'FUR-CH-10002084', 'OFF-LA-10003923', 'FUR-FU-10004351'})"
445,0.022222222222222223,"frozenset({'OFF-BI-10000309', 'FUR-CH-10002084', 'TEC-AC-10001767', 'FUR-FU-10004351'})"
446,0.022222222222222223,"frozenset({'TEC-MA-10000488', 'OFF-BI-10000309', 'FUR-CH-10002084', 'FUR-FU-10004351'})"
447,0.022222222222222223,"frozenset({'TEC-AC-10001767', 'FUR-FU-10004351', 'FUR-CH-10002084', 'OFF-LA-10003923'})"
448,0.022222222222222223,"frozenset({'TEC-MA-10000488', 'FUR-FU-10004351', 'FUR-CH-10002084', 'OFF-LA-10003923'})"
449,0.022222222222222223,"frozenset({'TEC-MA-10000488', 'FUR-FU-10004351', 'FUR-CH-10002084', 'TEC-AC-10001767'})"
450,0.022222222222222223,"frozenset({'TEC-AC-10001767', 'OFF-BI-10000309', 'FUR-CH-10002084', 'OFF-LA-10003923'})"
451,0.022222222222222223,"frozenset({'TEC-MA-10000488', 'OFF-BI-10000309', 'FUR-CH-10002084', 'OFF-LA-10003923'})"
452,0.022222222222222223,"frozenset({'TEC-MA-10000488', 'OFF-BI-10000309', 'FUR-CH-10002084', 'TEC-AC-10001767'})"
453,0.022222222222222223,"frozenset({'TEC-MA-10000488', 'FUR-CH-10002084', 'OFF-LA-10003923', 'TEC-AC-10001767'})"
454,0.022222222222222223,"frozenset({'FUR-FU-10001935', 'FUR-FU-10004586', 'OFF-BI-10003784', 'FUR-CH-10004698'})"
455,0.022222222222222223,"frozenset({'FUR-TA-10002607', 'FUR-FU-10004351', 'FUR-FU-10002505', 'FUR-FU-10000576'})"
456,0.022222222222222223,"frozenset({'FUR-FU-10004351', 'FUR-FU-10002505', 'FUR-FU-10000576', 'OFF-AR-10004685'})"
457,0.022222222222222223,"frozenset({'FUR-FU-10004351', 'FUR-FU-10002505', 'FUR-FU-10000576', 'OFF-PA-10003349'})"
458,0.022222222222222223,"frozenset({'FUR-FU-10004351', 'FUR-FU-10002505', 'FUR-FU-10000576', 'TEC-PH-10000011'})"
459,0.022222222222222223,"frozenset({'FUR-TA-10002607', 'FUR-FU-10002505', 'FUR-FU-10000576', 'OFF-AR-10004685'})"
460,0.022222222222222223,"frozenset({'FUR-TA-10002607', 'FUR-FU-10002505', 'FUR-FU-10000576', 'OFF-PA-10003349'})"
461,0.022222222222222223,"frozenset({'FUR-TA-10002607', 'FUR-FU-10002505', 'FUR-FU-10000576', 'TEC-PH-10000011'})"
462,0.022222222222222223,"frozenset({'FUR-FU-10002505', 'FUR-FU-10000576', 'OFF-AR-10004685', 'OFF-PA-10003349'})"
463,0.022222222222222223,"frozenset({'FUR-FU-10002505', 'FUR-FU-10000576', 'OFF-AR-10004685', 'TEC-PH-10000011'})"
464,0.022222222222222223,"frozenset({'FUR-FU-10002505', 'FUR-FU-10000576', 'TEC-PH-10000011', 'OFF-PA-10003349'})"
465,0.022222222222222223,"frozenset({'FUR-TA-10002607', 'FUR-FU-10004351', 'FUR-FU-10000576', 'OFF-AR-10004685'})"
466,0.022222222222222223,"frozenset({'FUR-TA-10002607', 'FUR-FU-10004351', 'FUR-FU-10000576', 'OFF-PA-10003349'})"
467,0.022222222222222223,"frozenset({'FUR-TA-10002607', 'FUR-FU-10004351', 'FUR-FU-10000576', 'TEC-PH-10000011'})"
468,0.022222222222222223,"frozenset({'FUR-FU-10004351', 'FUR-FU-10000576', 'OFF-AR-10004685', 'OFF-PA-10003349'})"
469,0.022222222222222223,"frozenset({'FUR-FU-10004351', 'FUR-FU-10000576', 'OFF-AR-10004685', 'TEC-PH-10000011'})"
470,0.022222222222222223,"frozenset({'FUR-FU-10004351', 'FUR-FU-10000576', 'TEC-PH-10000011', 'OFF-PA-10003349'})"
471,0.022222222222222223,"frozenset({'FUR-TA-10002607', 'FUR-FU-10000576', 'OFF-AR-10004685', 'OFF-PA-10003349'})"
472,0.022222222222222223,"frozenset({'FUR-TA-10002607', 'FUR-FU-10000576', 'OFF-AR-10004685', 'TEC-PH-10000011'})"
473,0.022222222222222223,"frozenset({'FUR-TA-10002607', 'FUR-FU-10000576', 'TEC-PH-10000011', 'OFF-PA-10003349'})"
474,0.022222222222222223,"frozenset({'FUR-FU-10000576', 'OFF-AR-10004685', 'TEC-PH-10000011', 'OFF-PA-10003349'})"
475,0.022222222222222223,"frozenset({'OFF-BI-10003676', 'FUR-TA-10001095', 'OFF-ST-10004337', 'FUR-FU-10000747'})"
476,0.022222222222222223,"frozenset({'FUR-FU-10001185', 'FUR-TA-10001095', 'OFF-BI-10001553', 'OFF-BI-10000343'})"
477,0.022222222222222223,"frozenset({'TEC-PH-10000193', 'FUR-FU-10002045', 'OFF-AP-10002945', 'FUR-TA-10001095'})"
478,0.022222222222222223,"frozenset({'FUR-TA-10002607', 'FUR-FU-10004351', 'FUR-FU-10002505', 'OFF-AR-10004685'})"
479,0.022222222222222223,"frozenset({'FUR-TA-10002607', 'FUR-FU-10004351', 'FUR-FU-10002505', 'OFF-PA-10003349'})"
480,0.022222222222222223,"frozenset({'FUR-TA-10002607', 'FUR-FU-10004351', 'FUR-FU-10002505', 'TEC-PH-10000011'})"
481,0.022222222222222223,"frozenset({'FUR-FU-10004351', 'FUR-FU-10002505', 'OFF-AR-10004685', 'OFF-PA-10003349'})"
482,0.022222222222222223,"frozenset({'FUR-FU-10004351', 'FUR-FU-10002505', 'OFF-AR-10004685', 'TEC-PH-10000011'})"
483,0.022222222222222223,"frozenset({'FUR-FU-10004351', 'FUR-FU-10002505', 'TEC-PH-10000011', 'OFF-PA-10003349'})"
484,0.022222222222222223,"frozenset({'FUR-TA-10002607', 'FUR-FU-10002505', 'OFF-AR-10004685', 'OFF-PA-10003349'})"
485,0.022222222222222223,"frozenset({'FUR-TA-10002607', 'FUR-FU-10002505', 'OFF-AR-10004685', 'TEC-PH-10000011'})"
486,0.022222222222222223,"frozenset({'FUR-TA-10002607', 'FUR-FU-10002505', 'TEC-PH-10000011', 'OFF-PA-10003349'})"
487,0.022222222222222223,"frozenset({'FUR-FU-10002505', 'OFF-AR-10004685', 'TEC-PH-10000011', 'OFF-PA-10003349'})"
488,0.022222222222222223,"frozenset({'FUR-FU-10004351', 'OFF-PA-10002246', 'FUR-FU-10004053', 'OFF-AR-10003856'})"
489,0.022222222222222223,"frozenset({'FUR-FU-10004351', 'FUR-FU-10004053', 'OFF-SU-10004782', 'OFF-AR-10003856'})"
490,0.022222222222222223,"frozenset({'FUR-FU-10004351', 'TEC-AC-10002006', 'FUR-FU-10004053', 'OFF-AR-10003856'})"
491,0.022222222222222223,"frozenset({'FUR-FU-10004351', 'FUR-FU-10004053', 'OFF-SU-10004782', 'OFF-PA-10002246'})"
492,0.022222222222222223,"frozenset({'FUR-FU-10004351', 'TEC-AC-10002006', 'FUR-FU-10004053', 'OFF-PA-10002246'})"
493,0.022222222222222223,"frozenset({'FUR-FU-10004351', 'TEC-AC-10002006', 'FUR-FU-10004053', 'OFF-SU-10004782'})"
494,0.022222222222222223,"frozenset({'OFF-PA-10002246', 'FUR-FU-10004053', 'OFF-SU-10004782', 'OFF-AR-10003856'})"
495,0.022222222222222223,"frozenset({'OFF-PA-10002246', 'TEC-AC-10002006', 'FUR-FU-10004053', 'OFF-AR-10003856'})"
496,0.022222222222222223,"frozenset({'TEC-AC-10002006', 'FUR-FU-10004053', 'OFF-SU-10004782', 'OFF-AR-10003856'})"
497,0.022222222222222223,"frozenset({'TEC-AC-10002006', 'FUR-FU-10004053', 'OFF-SU-10004782', 'OFF-PA-10002246'})"
498,0.022222222222222223,"frozenset({'FUR-TA-10002607', 'FUR-FU-10004351', 'OFF-AR-10004685', 'OFF-PA-10003349'})"
499,0.022222222222222223,"frozenset({'FUR-TA-10002607', 'FUR-FU-10004351', 'OFF-AR-10004685', 'TEC-PH-10000011'})"
500,0.022222222222222223,"frozenset({'FUR-TA-10002607', 'FUR-FU-10004351', 'TEC-PH-10000011', 'OFF-PA-10003349'})"
501,0.022222222222222223,"frozenset({'FUR-FU-10004351', 'OFF-AP-10004249', 'OFF-PA-10000312', 'FUR-TA-10004152'})"
502,0.022222222222222223,"frozenset({'OFF-ST-10001490', 'OFF-AP-10004249', 'FUR-TA-10004152', 'FUR-FU-10004351'})"
503,0.022222222222222223,"frozenset({'FUR-FU-10004351', 'OFF-AP-10004249', 'FUR-TA-10004152', 'TEC-PH-10000560'})"
504,0.022222222222222223,"frozenset({'FUR-FU-10004351', 'OFF-AP-10004249', 'FUR-TA-10004152', 'TEC-PH-10001051'})"
505,0.022222222222222223,"frozenset({'FUR-FU-10004351', 'OFF-ST-10001490', 'OFF-PA-10000312', 'FUR-TA-10004152'})"
506,0.022222222222222223,"frozenset({'FUR-FU-10004351', 'OFF-PA-10000312', 'FUR-TA-10004152', 'TEC-PH-10000560'})"
507,0.022222222222222223,"frozenset({'FUR-FU-10004351', 'OFF-PA-10000312', 'FUR-TA-10004152', 'TEC-PH-10001051'})"
508,0.022222222222222223,"frozenset({'FUR-FU-10004351', 'OFF-ST-10001490', 'FUR-TA-10004152', 'TEC-PH-10000560'})"
509,0.022222222222222223,"frozenset({'FUR-FU-10004351', 'OFF-ST-10001490', 'FUR-TA-10004152', 'TEC-PH-10001051'})"
510,0.022222222222222223,"frozenset({'FUR-FU-10004351', 'TEC-PH-10001051', 'FUR-TA-10004152', 'TEC-PH-10000560'})"
511,0.022222222222222223,"frozenset({'OFF-AP-10003849', 'OFF-ST-10000078', 'OFF-BI-10001658', 'FUR-FU-10004351'})"
512,0.022222222222222223,"frozenset({'TEC-CO-10001571', 'OFF-AP-10003849', 'OFF-BI-10001658', 'FUR-FU-10004351'})"
513,0.022222222222222223,"frozenset({'TEC-CO-10001571', 'OFF-AP-10003849', 'OFF-ST-10000078', 'FUR-FU-10004351'})"
514,0.022222222222222223,"frozenset({'FUR-FU-10004351', 'OFF-AP-10004249', 'OFF-PA-10000312', 'OFF-ST-10001490'})"
515,0.022222222222222223,"frozenset({'FUR-FU-10004351', 'OFF-AP-10004249', 'OFF-PA-10000312', 'TEC-PH-10000560'})"
516,0.022222222222222223,"frozenset({'FUR-FU-10004351', 'OFF-AP-10004249', 'OFF-PA-10000312', 'TEC-PH-10001051'})"
517,0.022222222222222223,"frozenset({'FUR-FU-10004351', 'OFF-AP-10004249', 'OFF-ST-10001490', 'TEC-PH-10000560'})"
518,0.022222222222222223,"frozenset({'FUR-FU-10004351', 'OFF-AP-10004249', 'OFF-ST-10001490', 'TEC-PH-10001051'})"
519,0.022222222222222223,"frozenset({'FUR-FU-10004351', 'OFF-AP-10004249', 'TEC-PH-10001051', 'TEC-PH-10000560'})"
520,0.022222222222222223,"frozenset({'FUR-FU-10004351', 'OFF-PA-10002246', 'OFF-SU-10004782', 'OFF-AR-10003856'})"
521,0.022222222222222223,"frozenset({'FUR-FU-10004351', 'OFF-PA-10002246', 'TEC-AC-10002006', 'OFF-AR-10003856'})"
522,0.022222222222222223,"frozenset({'FUR-FU-10004351', 'TEC-AC-10002006', 'OFF-SU-10004782', 'OFF-AR-10003856'})"
523,0.022222222222222223,"frozenset({'FUR-FU-10004351', 'OFF-AR-10004685', 'TEC-PH-10000011', 'OFF-PA-10003349'})"
524,0.022222222222222223,"frozenset({'TEC-AC-10001767', 'OFF-BI-10000309', 'OFF-LA-10003923', 'FUR-FU-10004351'})"
525,0.022222222222222223,"frozenset({'TEC-MA-10000488', 'OFF-BI-10000309', 'OFF-LA-10003923', 'FUR-FU-10004351'})"
526,0.022222222222222223,"frozenset({'TEC-MA-10000488', 'OFF-BI-10000309', 'TEC-AC-10001767', 'FUR-FU-10004351'})"
527,0.022222222222222223,"frozenset({'TEC-CO-10001571', 'OFF-ST-10000078', 'OFF-BI-10001658', 'FUR-FU-10004351'})"
528,0.022222222222222223,"frozenset({'TEC-MA-10000488', 'FUR-FU-10004351', 'OFF-LA-10003923', 'TEC-AC-10001767'})"
529,0.022222222222222223,"frozenset({'FUR-FU-10004351', 'OFF-PA-10000312', 'OFF-ST-10001490', 'TEC-PH-10000560'})"
530,0.022222222222222223,"frozenset({'FUR-FU-10004351', 'OFF-PA-10000312', 'OFF-ST-10001490', 'TEC-PH-10001051'})"
531,0.022222222222222223,"frozenset({'FUR-FU-10004351', 'TEC-PH-10001051', 'OFF-PA-10000312', 'TEC-PH-10000560'})"
532,0.022222222222222223,"frozenset({'FUR-FU-10004351', 'TEC-AC-10002006', 'OFF-SU-10004782', 'OFF-PA-10002246'})"
533,0.022222222222222223,"frozenset({'TEC-AC-10000991', 'OFF-PA-10002787', 'OFF-PA-10003883', 'FUR-FU-10004351'})"
534,0.022222222222222223,"frozenset({'FUR-FU-10004351', 'TEC-PH-10001051', 'OFF-ST-10001490', 'TEC-PH-10000560'})"
535,0.022222222222222223,"frozenset({'TEC-PH-10001448', 'OFF-LA-10003223', 'OFF-ST-10004340', 'FUR-TA-10001095'})"
536,0.022222222222222223,"frozenset({'OFF-ST-10003208', 'OFF-PA-10002764', 'TEC-MA-10003979', 'FUR-TA-10001095'})"
537,0.022222222222222223,"frozenset({'FUR-TA-10002607', 'OFF-AR-10004685', 'TEC-PH-10000011', 'OFF-PA-10003349'})"
538,0.022222222222222223,"frozenset({'OFF-BI-10000632', 'TEC-AC-10002473', 'FUR-TA-10002645', 'OFF-FA-10003485'})"
539,0.022222222222222223,"frozenset({'OFF-ST-10001490', 'OFF-AP-10004249', 'OFF-PA-10000312', 'FUR-TA-10004152'})"
540,0.022222222222222223,"frozenset({'OFF-AP-10004249', 'OFF-PA-10000312', 'FUR-TA-10004152', 'TEC-PH-10000560'})"
541,0.022222222222222223,"frozenset({'OFF-AP-10004249', 'OFF-PA-10000312', 'FUR-TA-10004152', 'TEC-PH-10001051'})"
542,0.022222222222222223,"frozenset({'OFF-ST-10001490', 'OFF-AP-10004249', 'FUR-TA-10004152', 'TEC-PH-10000560'})"
543,0.022222222222222223,"frozenset({'OFF-ST-10001490', 'OFF-AP-10004249', 'FUR-TA-10004152', 'TEC-PH-10001051'})"
544,0.022222222222222223,"frozenset({'OFF-AP-10004249', 'TEC-PH-10001051', 'FUR-TA-10004152', 'TEC-PH-10000560'})"
545,0.022222222222222223,"frozenset({'OFF-ST-10001490', 'OFF-PA-10000312', 'FUR-TA-10004152', 'TEC-PH-10000560'})"
546,0.022222222222222223,"frozenset({'OFF-ST-10001490', 'OFF-PA-10000312', 'FUR-TA-10004152', 'TEC-PH-10001051'})"
547,0.022222222222222223,"frozenset({'TEC-PH-10001051', 'OFF-PA-10000312', 'FUR-TA-10004152', 'TEC-PH-10000560'})"
548,0.022222222222222223,"frozenset({'OFF-ST-10001490', 'TEC-PH-10001051', 'FUR-TA-10004152', 'TEC-PH-10000560'})"
549,0.022222222222222223,"frozenset({'TEC-CO-10001571', 'OFF-ST-10000078', 'OFF-BI-10001658', 'OFF-AP-10003849'})"
550,0.022222222222222223,"frozenset({'OFF-AP-10004249', 'OFF-PA-10000312', 'OFF-ST-10001490', 'TEC-PH-10000560'})"
551,0.022222222222222223,"frozenset({'OFF-AP-10004249', 'OFF-PA-10000312', 'OFF-ST-10001490', 'TEC-PH-10001051'})"
552,0.022222222222222223,"frozenset({'OFF-AP-10004249', 'TEC-PH-10001051', 'OFF-PA-10000312', 'TEC-PH-10000560'})"
553,0.022222222222222223,"frozenset({'OFF-AP-10004249', 'TEC-PH-10001051', 'OFF-ST-10001490', 'TEC-PH-10000560'})"
554,0.022222222222222223,"frozenset({'OFF-PA-10002246', 'TEC-AC-10002006', 'OFF-SU-10004782', 'OFF-AR-10003856'})"
555,0.022222222222222223,"frozenset({'TEC-MA-10000488', 'OFF-BI-10000309', 'OFF-LA-10003923', 'TEC-AC-10001767'})"
556,0.022222222222222223,"frozenset({'OFF-FA-10003059', 'OFF-PA-10000994', 'TEC-PH-10002890', 'OFF-PA-10004381'})"
557,0.022222222222222223,"frozenset({'TEC-PH-10001051', 'OFF-PA-10000312', 'OFF-ST-10001490', 'TEC-PH-10000560'})"
558,0.022222222222222223,"frozenset({'FUR-FU-10004351', 'OFF-PA-10002246', 'OFF-AR-10003856', 'FUR-AY-10004270', 'FUR-FU-10004053'})"
559,0.022222222222222223,"frozenset({'FUR-FU-10004351', 'OFF-AR-10003856', 'FUR-AY-10004270', 'FUR-FU-10004053', 'OFF-SU-10004782'})"
560,0.022222222222222223,"frozenset({'FUR-FU-10004351', 'TEC-AC-10002006', 'OFF-AR-10003856', 'FUR-AY-10004270', 'FUR-FU-10004053'})"
561,0.022222222222222223,"frozenset({'FUR-FU-10004351', 'OFF-PA-10002246', 'FUR-AY-10004270', 'FUR-FU-10004053', 'OFF-SU-10004782'})"
562,0.022222222222222223,"frozenset({'FUR-FU-10004351', 'OFF-PA-10002246', 'TEC-AC-10002006', 'FUR-AY-10004270', 'FUR-FU-10004053'})"
563,0.022222222222222223,"frozenset({'FUR-FU-10004351', 'TEC-AC-10002006', 'FUR-AY-10004270', 'FUR-FU-10004053', 'OFF-SU-10004782'})"
564,0.022222222222222223,"frozenset({'OFF-PA-10002246', 'OFF-AR-10003856', 'FUR-AY-10004270', 'FUR-FU-10004053', 'OFF-SU-10004782'})"
565,0.022222222222222223,"frozenset({'OFF-PA-10002246', 'TEC-AC-10002006', 'OFF-AR-10003856', 'FUR-AY-10004270', 'FUR-FU-10004053'})"
566,0.022222222222222223,"frozenset({'TEC-AC-10002006', 'OFF-AR-10003856', 'FUR-AY-10004270', 'FUR-FU-10004053', 'OFF-SU-10004782'})"
567,0.022222222222222223,"frozenset({'OFF-PA-10002246', 'TEC-AC-10002006', 'FUR-AY-10004270', 'FUR-FU-10004053', 'OFF-SU-10004782'})"
568,0.022222222222222223,"frozenset({'FUR-FU-10004351', 'OFF-PA-10002246', 'OFF-AR-10003856', 'FUR-AY-10004270', 'OFF-SU-10004782'})"
569,0.022222222222222223,"frozenset({'FUR-FU-10004351', 'OFF-PA-10002246', 'TEC-AC-10002006', 'OFF-AR-10003856', 'FUR-AY-10004270'})"
570,0.022222222222222223,"frozenset({'FUR-FU-10004351', 'TEC-AC-10002006', 'OFF-AR-10003856', 'FUR-AY-10004270', 'OFF-SU-10004782'})"
571,0.022222222222222223,"frozenset({'FUR-FU-10004351', 'OFF-PA-10002246', 'TEC-AC-10002006', 'FUR-AY-10004270', 'OFF-SU-10004782'})"
572,0.022222222222222223,"frozenset({'OFF-PA-10002246', 'TEC-AC-10002006', 'OFF-AR-10003856', 'FUR-AY-10004270', 'OFF-SU-10004782'})"
573,0.022222222222222223,"frozenset({'FUR-FU-10004351', 'FUR-CH-10002084', 'TEC-AC-10001767', 'OFF-LA-10003923', 'OFF-BI-10000309'})"
574,0.022222222222222223,"frozenset({'FUR-FU-10004351', 'FUR-CH-10002084', 'OFF-LA-10003923', 'TEC-MA-10000488', 'OFF-BI-10000309'})"
575,0.022222222222222223,"frozenset({'FUR-FU-10004351', 'FUR-CH-10002084', 'TEC-AC-10001767', 'TEC-MA-10000488', 'OFF-BI-10000309'})"
576,0.022222222222222223,"frozenset({'FUR-FU-10004351', 'FUR-CH-10002084', 'TEC-AC-10001767', 'OFF-LA-10003923', 'TEC-MA-10000488'})"
577,0.022222222222222223,"frozenset({'FUR-CH-10002084', 'TEC-AC-10001767', 'OFF-LA-10003923', 'TEC-MA-10000488', 'OFF-BI-10000309'})"
578,0.022222222222222223,"frozenset({'FUR-FU-10004351', 'FUR-FU-10002505', 'FUR-FU-10000576', 'OFF-AR-10004685', 'FUR-TA-10002607'})"
579,0.022222222222222223,"frozenset({'FUR-FU-10004351', 'OFF-PA-10003349', 'FUR-FU-10002505', 'FUR-FU-10000576', 'FUR-TA-10002607'})"
580,0.022222222222222223,"frozenset({'FUR-FU-10004351', 'FUR-FU-10002505', 'FUR-FU-10000576', 'TEC-PH-10000011', 'FUR-TA-10002607'})"
581,0.022222222222222223,"frozenset({'FUR-FU-10004351', 'OFF-PA-10003349', 'FUR-FU-10002505', 'FUR-FU-10000576', 'OFF-AR-10004685'})"
582,0.022222222222222223,"frozenset({'FUR-FU-10004351', 'FUR-FU-10002505', 'FUR-FU-10000576', 'OFF-AR-10004685', 'TEC-PH-10000011'})"
583,0.022222222222222223,"frozenset({'FUR-FU-10004351', 'OFF-PA-10003349', 'FUR-FU-10002505', 'FUR-FU-10000576', 'TEC-PH-10000011'})"
584,0.022222222222222223,"frozenset({'OFF-PA-10003349', 'FUR-FU-10002505', 'FUR-FU-10000576', 'OFF-AR-10004685', 'FUR-TA-10002607'})"
585,0.022222222222222223,"frozenset({'FUR-FU-10002505', 'FUR-FU-10000576', 'TEC-PH-10000011', 'OFF-AR-10004685', 'FUR-TA-10002607'})"
586,0.022222222222222223,"frozenset({'OFF-PA-10003349', 'FUR-FU-10002505', 'FUR-FU-10000576', 'TEC-PH-10000011', 'FUR-TA-10002607'})"
587,0.022222222222222223,"frozenset({'OFF-PA-10003349', 'FUR-FU-10002505', 'FUR-FU-10000576', 'OFF-AR-10004685', 'TEC-PH-10000011'})"
588,0.022222222222222223,"frozenset({'FUR-FU-10004351', 'OFF-PA-10003349', 'FUR-FU-10000576', 'OFF-AR-10004685', 'FUR-TA-10002607'})"
589,0.022222222222222223,"frozenset({'FUR-FU-10004351', 'FUR-FU-10000576', 'OFF-AR-10004685', 'TEC-PH-10000011', 'FUR-TA-10002607'})"
590,0.022222222222222223,"frozenset({'FUR-FU-10004351', 'OFF-PA-10003349', 'FUR-FU-10000576', 'TEC-PH-10000011', 'FUR-TA-10002607'})"
591,0.022222222222222223,"frozenset({'FUR-FU-10004351', 'OFF-PA-10003349', 'FUR-FU-10000576', 'OFF-AR-10004685', 'TEC-PH-10000011'})"
592,0.022222222222222223,"frozenset({'OFF-PA-10003349', 'FUR-FU-10000576', 'OFF-AR-10004685', 'TEC-PH-10000011', 'FUR-TA-10002607'})"
593,0.022222222222222223,"frozenset({'FUR-FU-10004351', 'OFF-PA-10003349', 'FUR-FU-10002505', 'OFF-AR-10004685', 'FUR-TA-10002607'})"
594,0.022222222222222223,"frozenset({'FUR-FU-10004351', 'FUR-FU-10002505', 'OFF-AR-10004685', 'TEC-PH-10000011', 'FUR-TA-10002607'})"
595,0.022222222222222223,"frozenset({'FUR-FU-10004351', 'OFF-PA-10003349', 'FUR-FU-10002505', 'TEC-PH-10000011', 'FUR-TA-10002607'})"
596,0.022222222222222223,"frozenset({'FUR-FU-10004351', 'OFF-PA-10003349', 'FUR-FU-10002505', 'OFF-AR-10004685', 'TEC-PH-10000011'})"
597,0.022222222222222223,"frozenset({'OFF-PA-10003349', 'FUR-FU-10002505', 'OFF-AR-10004685', 'TEC-PH-10000011', 'FUR-TA-10002607'})"
598,0.022222222222222223,"frozenset({'FUR-FU-10004351', 'OFF-PA-10002246', 'OFF-AR-10003856', 'FUR-FU-10004053', 'OFF-SU-10004782'})"
599,0.022222222222222223,"frozenset({'FUR-FU-10004351', 'OFF-PA-10002246', 'TEC-AC-10002006', 'OFF-AR-10003856', 'FUR-FU-10004053'})"
600,0.022222222222222223,"frozenset({'FUR-FU-10004351', 'TEC-AC-10002006', 'OFF-AR-10003856', 'FUR-FU-10004053', 'OFF-SU-10004782'})"
601,0.022222222222222223,"frozenset({'FUR-FU-10004351', 'OFF-PA-10002246', 'TEC-AC-10002006', 'FUR-FU-10004053', 'OFF-SU-10004782'})"
602,0.022222222222222223,"frozenset({'OFF-PA-10002246', 'TEC-AC-10002006', 'OFF-AR-10003856', 'FUR-FU-10004053', 'OFF-SU-10004782'})"
603,0.022222222222222223,"frozenset({'FUR-FU-10004351', 'OFF-PA-10003349', 'OFF-AR-10004685', 'TEC-PH-10000011', 'FUR-TA-10002607'})"
604,0.022222222222222223,"frozenset({'FUR-FU-10004351', 'OFF-AP-10004249', 'OFF-PA-10000312', 'FUR-TA-10004152', 'OFF-ST-10001490'})"
605,0.022222222222222223,"frozenset({'FUR-FU-10004351', 'OFF-AP-10004249', 'OFF-PA-10000312', 'FUR-TA-10004152', 'TEC-PH-10000560'})"
606,0.022222222222222223,"frozenset({'FUR-FU-10004351', 'OFF-AP-10004249', 'OFF-PA-10000312', 'FUR-TA-10004152', 'TEC-PH-10001051'})"
607,0.022222222222222223,"frozenset({'FUR-FU-10004351', 'OFF-AP-10004249', 'FUR-TA-10004152', 'TEC-PH-10000560', 'OFF-ST-10001490'})"
608,0.022222222222222223,"frozenset({'FUR-FU-10004351', 'OFF-AP-10004249', 'FUR-TA-10004152', 'TEC-PH-10001051', 'OFF-ST-10001490'})"
609,0.022222222222222223,"frozenset({'FUR-FU-10004351', 'OFF-AP-10004249', 'FUR-TA-10004152', 'TEC-PH-10001051', 'TEC-PH-10000560'})"
610,0.022222222222222223,"frozenset({'FUR-FU-10004351', 'OFF-PA-10000312', 'FUR-TA-10004152', 'TEC-PH-10000560', 'OFF-ST-10001490'})"
611,0.022222222222222223,"frozenset({'FUR-FU-10004351', 'OFF-PA-10000312', 'FUR-TA-10004152', 'TEC-PH-10001051', 'OFF-ST-10001490'})"
612,0.022222222222222223,"frozenset({'FUR-FU-10004351', 'OFF-PA-10000312', 'FUR-TA-10004152', 'TEC-PH-10001051', 'TEC-PH-10000560'})"
613,0.022222222222222223,"frozenset({'FUR-FU-10004351', 'FUR-TA-10004152', 'TEC-PH-10001051', 'TEC-PH-10000560', 'OFF-ST-10001490'})"
614,0.022222222222222223,"frozenset({'FUR-FU-10004351', 'OFF-ST-10000078', 'OFF-BI-10001658', 'TEC-CO-10001571', 'OFF-AP-10003849'})"
615,0.022222222222222223,"frozenset({'FUR-FU-10004351', 'OFF-AP-10004249', 'OFF-PA-10000312', 'TEC-PH-10000560', 'OFF-ST-10001490'})"
616,0.022222222222222223,"frozenset({'FUR-FU-10004351', 'OFF-AP-10004249', 'OFF-PA-10000312', 'TEC-PH-10001051', 'OFF-ST-10001490'})"
617,0.022222222222222223,"frozenset({'FUR-FU-10004351', 'OFF-AP-10004249', 'OFF-PA-10000312', 'TEC-PH-10001051', 'TEC-PH-10000560'})"
618,0.022222222222222223,"frozenset({'FUR-FU-10004351', 'OFF-AP-10004249', 'TEC-PH-10001051', 'TEC-PH-10000560', 'OFF-ST-10001490'})"
619,0.022222222222222223,"frozenset({'FUR-FU-10004351', 'OFF-PA-10002246', 'TEC-AC-10002006', 'OFF-AR-10003856', 'OFF-SU-10004782'})"
620,0.022222222222222223,"frozenset({'FUR-FU-10004351', 'TEC-AC-10001767', 'OFF-LA-10003923', 'TEC-MA-10000488', 'OFF-BI-10000309'})"
621,0.022222222222222223,"frozenset({'FUR-FU-10004351', 'OFF-PA-10000312', 'TEC-PH-10001051', 'TEC-PH-10000560', 'OFF-ST-10001490'})"
622,0.022222222222222223,"frozenset({'OFF-AP-10004249', 'OFF-PA-10000312', 'FUR-TA-10004152', 'TEC-PH-10000560', 'OFF-ST-10001490'})"
623,0.022222222222222223,"frozenset({'OFF-AP-10004249', 'OFF-PA-10000312', 'FUR-TA-10004152', 'TEC-PH-10001051', 'OFF-ST-10001490'})"
624,0.022222222222222223,"frozenset({'OFF-AP-10004249', 'OFF-PA-10000312', 'FUR-TA-10004152', 'TEC-PH-10001051', 'TEC-PH-10000560'})"
625,0.022222222222222223,"frozenset({'OFF-AP-10004249', 'FUR-TA-10004152', 'TEC-PH-10001051', 'TEC-PH-10000560', 'OFF-ST-10001490'})"
626,0.022222222222222223,"frozenset({'OFF-PA-10000312', 'FUR-TA-10004152', 'TEC-PH-10001051', 'TEC-PH-10000560', 'OFF-ST-10001490'})"
627,0.022222222222222223,"frozenset({'OFF-AP-10004249', 'OFF-PA-10000312', 'TEC-PH-10001051', 'TEC-PH-10000560', 'OFF-ST-10001490'})"
628,0.022222222222222223,"frozenset({'FUR-FU-10004351', 'OFF-PA-10002246', 'OFF-AR-10003856', 'FUR-AY-10004270', 'FUR-FU-10004053', 'OFF-SU-10004782'})"
629,0.022222222222222223,"frozenset({'FUR-FU-10004351', 'OFF-PA-10002246', 'TEC-AC-10002006', 'OFF-AR-10003856', 'FUR-AY-10004270', 'FUR-FU-10004053'})"
630,0.022222222222222223,"frozenset({'FUR-FU-10004351', 'TEC-AC-10002006', 'OFF-AR-10003856', 'FUR-AY-10004270', 'FUR-FU-10004053', 'OFF-SU-10004782'})"
631,0.022222222222222223,"frozenset({'FUR-FU-10004351', 'OFF-PA-10002246', 'TEC-AC-10002006', 'FUR-AY-10004270', 'FUR-FU-10004053', 'OFF-SU-10004782'})"
632,0.022222222222222223,"frozenset({'OFF-PA-10002246', 'TEC-AC-10002006', 'OFF-AR-10003856', 'FUR-AY-10004270', 'FUR-FU-10004053', 'OFF-SU-10004782'})"
633,0.022222222222222223,"frozenset({'FUR-FU-10004351', 'OFF-PA-10002246', 'TEC-AC-10002006', 'OFF-AR-10003856', 'FUR-AY-10004270', 'OFF-SU-10004782'})"
634,0.022222222222222223,"frozenset({'FUR-FU-10004351', 'FUR-CH-10002084', 'TEC-AC-10001767', 'OFF-LA-10003923', 'TEC-MA-10000488', 'OFF-BI-10000309'})"
635,0.022222222222222223,"frozenset({'FUR-FU-10004351', 'OFF-PA-10003349', 'FUR-FU-10002505', 'FUR-FU-10000576', 'OFF-AR-10004685', 'FUR-TA-10002607'})"
636,0.022222222222222223,"frozenset({'FUR-FU-10004351', 'FUR-FU-10002505', 'FUR-FU-10000576', 'TEC-PH-10000011', 'OFF-AR-10004685', 'FUR-TA-10002607'})"
637,0.022222222222222223,"frozenset({'FUR-FU-10004351', 'OFF-PA-10003349', 'FUR-FU-10002505', 'FUR-FU-10000576', 'TEC-PH-10000011', 'FUR-TA-10002607'})"
638,0.022222222222222223,"frozenset({'FUR-FU-10004351', 'OFF-PA-10003349', 'FUR-FU-10002505', 'FUR-FU-10000576', 'TEC-PH-10000011', 'OFF-AR-10004685'})"
639,0.022222222222222223,"frozenset({'OFF-PA-10003349', 'FUR-FU-10002505', 'FUR-FU-10000576', 'TEC-PH-10000011', 'OFF-AR-10004685', 'FUR-TA-10002607'})"
640,0.022222222222222223,"frozenset({'FUR-FU-10004351', 'OFF-PA-10003349', 'FUR-FU-10000576', 'TEC-PH-10000011', 'OFF-AR-10004685', 'FUR-TA-10002607'})"
641,0.022222222222222223,"frozenset({'FUR-FU-10004351', 'OFF-PA-10003349', 'FUR-FU-10002505', 'TEC-PH-10000011', 'OFF-AR-10004685', 'FUR-TA-10002607'})"
642,0.022222222222222223,"frozenset({'FUR-FU-10004351', 'OFF-PA-10002246', 'TEC-AC-10002006', 'OFF-AR-10003856', 'FUR-FU-10004053', 'OFF-SU-10004782'})"
643,0.022222222222222223,"frozenset({'FUR-FU-10004351', 'OFF-AP-10004249', 'OFF-PA-10000312', 'FUR-TA-10004152', 'TEC-PH-10000560', 'OFF-ST-10001490'})"
644,0.022222222222222223,"frozenset({'FUR-FU-10004351', 'OFF-AP-10004249', 'OFF-PA-10000312', 'FUR-TA-10004152', 'TEC-PH-10001051', 'OFF-ST-10001490'})"
645,0.022222222222222223,"frozenset({'FUR-FU-10004351', 'OFF-AP-10004249', 'OFF-PA-10000312', 'FUR-TA-10004152', 'TEC-PH-10001051', 'TEC-PH-10000560'})"
646,0.022222222222222223,"frozenset({'FUR-FU-10004351', 'OFF-AP-10004249', 'FUR-TA-10004152', 'TEC-PH-10001051', 'TEC-PH-10000560', 'OFF-ST-10001490'})"
647,0.022222222222222223,"frozenset({'FUR-FU-10004351', 'OFF-PA-10000312', 'FUR-TA-10004152', 'TEC-PH-10001051', 'TEC-PH-10000560', 'OFF-ST-10001490'})"
648,0.022222222222222223,"frozenset({'FUR-FU-10004351', 'OFF-AP-10004249', 'OFF-PA-10000312', 'TEC-PH-10001051', 'TEC-PH-10000560', 'OFF-ST-10001490'})"
649,0.022222222222222223,"frozenset({'OFF-AP-10004249', 'OFF-PA-10000312', 'FUR-TA-10004152', 'TEC-PH-10001051', 'TEC-PH-10000560', 'OFF-ST-10001490'})"
650,0.022222222222222223,"frozenset({'FUR-FU-10004351', 'OFF-PA-10002246', 'TEC-AC-10002006', 'OFF-AR-10003856', 'FUR-AY-10004270', 'FUR-FU-10004053', 'OFF-SU-10004782'})"
651,0.022222222222222223,"frozenset({'FUR-FU-10004351', 'OFF-PA-10003349', 'FUR-FU-10002505', 'FUR-FU-10000576', 'TEC-PH-10000011', 'OFF-AR-10004685', 'FUR-TA-10002607'})"
652,0.022222222222222223,"frozenset({'FUR-FU-10004351', 'OFF-AP-10004249', 'OFF-PA-10000312', 'FUR-TA-10004152', 'TEC-PH-10001051', 'TEC-PH-10000560', 'OFF-ST-10001490'})"
