Product_ID,Product_Name
FUR-BO-10000330,3
FUR-BO-10000362,5
FUR-BO-10000468,6
FUR-BO-10000711,2
FUR-BO-10000780,5
FUR-BO-10001337,10
FUR-BO-10001519,5
FUR-BO-10001601,3
FUR-BO-10001608,5
FUR-BO-10001619,2
FUR-BO-10001798,4
FUR-BO-10001811,8
FUR-BO-10001918,3
FUR-BO-10001972,7
FUR-BO-10002202,2
FUR-BO-10002213,10
FUR-BO-10002268,3
FUR-BO-10002545,8
FUR-BO-10002598,5
FUR-BO-10002613,6
FUR-BO-10002824,3
FUR-BO-10002853,4
FUR-BO-10002916,4
FUR-BO-10003034,5
FUR-BO-10003159,7
FUR-BO-10003272,6
FUR-BO-10003404,2
FUR-BO-10003433,3
FUR-BO-10003441,6
FUR-BO-10003450,3
FUR-BO-10003546,4
FUR-BO-10003660,3
FUR-BO-10003893,2
FUR-BO-10003894,3
FUR-BO-10003965,4
FUR-BO-10003966,4
FUR-BO-10004015,9
FUR-BO-10004218,8
FUR-BO-10004357,4
FUR-BO-10004360,2
FUR-BO-10004409,6
FUR-BO-10004467,8
FUR-BO-10004690,2
FUR-BO-10004695,7
FUR-BO-10004709,9
FUR-BO-10004834,5
FUR-CH-10000015,6
FUR-CH-10000155,6
FUR-CH-10000225,7
FUR-CH-10000229,4
FUR-CH-10000309,5
FUR-CH-10000422,9
FUR-CH-10000454,12
FUR-CH-10000513,9
FUR-CH-10000553,5
FUR-CH-10000595,8
FUR-CH-10000665,9
FUR-CH-10000749,2
FUR-CH-10000785,11
FUR-CH-10000847,6
FUR-CH-10000863,8
FUR-CH-10000988,10
FUR-CH-10001146,15
FUR-CH-10001190,3
FUR-CH-10001215,9
FUR-CH-10001270,8
FUR-CH-10001394,7
FUR-CH-10001482,7
FUR-CH-10001545,6
FUR-CH-10001708,7
FUR-CH-10001714,5
FUR-CH-10001797,4
FUR-CH-10001802,3
FUR-CH-10001854,8
FUR-CH-10001891,6
FUR-CH-10001973,7
FUR-CH-10002017,5
FUR-CH-10002024,8
FUR-CH-10002044,2
FUR-CH-10002073,4
FUR-CH-10002084,5
FUR-CH-10002126,4
FUR-CH-10002304,7
FUR-CH-10002320,4
FUR-CH-10002331,6
FUR-CH-10002335,9
FUR-CH-10002372,7
FUR-CH-10002439,6
FUR-CH-10002602,11
FUR-CH-10002647,15
FUR-CH-10002758,2
FUR-CH-10002774,7
FUR-CH-10002780,2
FUR-CH-10002880,14
FUR-CH-10002961,6
FUR-CH-10002965,11
FUR-CH-10003061,8
FUR-CH-10003199,6
FUR-CH-10003298,9
FUR-CH-10003312,6
FUR-CH-10003379,9
FUR-CH-10003396,10
FUR-CH-10003535,8
FUR-CH-10003606,3
FUR-CH-10003746,7
FUR-CH-10003761,2
FUR-CH-10003774,14
FUR-CH-10003817,10
FUR-CH-10003833,9
FUR-CH-10003846,4
FUR-CH-10003956,4
FUR-CH-10003968,6
FUR-CH-10003973,8
FUR-CH-10003981,7
FUR-CH-10004063,8
FUR-CH-10004086,8
FUR-CH-10004218,9
FUR-CH-10004287,13
FUR-CH-10004289,7
FUR-CH-10004477,9
FUR-CH-10004495,8
FUR-CH-10004540,6
FUR-CH-10004626,6
FUR-CH-10004675,7
FUR-CH-10004698,8
FUR-CH-10004754,7
FUR-CH-10004853,6
FUR-CH-10004860,8
FUR-CH-10004875,8
FUR-CH-10004886,6
FUR-CH-10004983,5
FUR-CH-10004997,10
FUR-FU-10000010,10
FUR-FU-10000023,14
FUR-FU-10000073,3
FUR-FU-10000076,6
FUR-FU-10000087,6
FUR-FU-10000175,4
FUR-FU-10000193,6
FUR-FU-10000206,7
FUR-FU-10000221,9
FUR-FU-10000222,5
FUR-FU-10000246,5
FUR-FU-10000260,4
FUR-FU-10000277,5
FUR-FU-10000293,4
FUR-FU-10000305,3
FUR-FU-10000308,7
FUR-FU-10000320,6
FUR-FU-10000397,5
FUR-FU-10000409,3
FUR-FU-10000448,4
FUR-FU-10000521,4
FUR-FU-10000550,6
FUR-FU-10000576,5
FUR-FU-10000629,8
FUR-FU-10000672,5
FUR-FU-10000719,4
FUR-FU-10000723,9
FUR-FU-10000732,7
FUR-FU-10000747,7
FUR-FU-10000755,2
FUR-FU-10000758,5
FUR-FU-10000771,4
FUR-FU-10000794,5
FUR-FU-10000820,4
FUR-FU-10000965,6
FUR-FU-10001025,3
FUR-FU-10001037,7
FUR-FU-10001057,4
FUR-FU-10001085,4
FUR-FU-10001095,8
FUR-FU-10001185,5
FUR-FU-10001196,5
FUR-FU-10001215,4
FUR-FU-10001290,4
FUR-FU-10001379,2
FUR-FU-10001424,6
FUR-FU-10001468,6
FUR-FU-10001473,14
FUR-FU-10001475,5
FUR-FU-10001487,5
FUR-FU-10001488,7
FUR-FU-10001546,7
FUR-FU-10001588,4
FUR-FU-10001591,6
FUR-FU-10001602,6
FUR-FU-10001617,2
FUR-FU-10001706,10
FUR-FU-10001731,8
FUR-FU-10001756,6
FUR-FU-10001847,5
FUR-FU-10001852,5
FUR-FU-10001861,6
FUR-FU-10001867,3
FUR-FU-10001876,7
FUR-FU-10001889,6
FUR-FU-10001918,8
FUR-FU-10001934,5
FUR-FU-10001935,8
FUR-FU-10001967,6
FUR-FU-10001979,6
FUR-FU-10001986,4
FUR-FU-10002030,2
FUR-FU-10002045,4
FUR-FU-10002088,7
FUR-FU-10002107,4
FUR-FU-10002111,3
FUR-FU-10002116,5
FUR-FU-10002157,3
FUR-FU-10002191,5
FUR-FU-10002240,2
FUR-FU-10002253,7
FUR-FU-10002268,7
FUR-FU-10002298,5
FUR-FU-10002364,12
FUR-FU-10002379,2
FUR-FU-10002396,5
FUR-FU-10002445,8
FUR-FU-10002456,7
FUR-FU-10002501,6
FUR-FU-10002505,4
FUR-FU-10002506,3
FUR-FU-10002508,2
FUR-FU-10002553,2
FUR-FU-10002554,4
FUR-FU-10002597,7
FUR-FU-10002671,5
FUR-FU-10002685,2
FUR-FU-10002703,2
FUR-FU-10002759,8
FUR-FU-10002813,5
FUR-FU-10002878,6
FUR-FU-10002885,6
FUR-FU-10002918,5
FUR-FU-10002937,8
FUR-FU-10002960,5
FUR-FU-10002963,4
FUR-FU-10003026,3
FUR-FU-10003039,6
FUR-FU-10003096,3
FUR-FU-10003142,6
FUR-FU-10003192,4
FUR-FU-10003194,4
FUR-FU-10003247,6
FUR-FU-10003268,6
FUR-FU-10003274,5
FUR-FU-10003347,6
FUR-FU-10003374,2
FUR-FU-10003394,7
FUR-FU-10003424,3
FUR-FU-10003464,4
FUR-FU-10003489,2
FUR-FU-10003535,6
FUR-FU-10003553,5
FUR-FU-10003577,3
FUR-FU-10003601,6
FUR-FU-10003623,5
FUR-FU-10003664,5
FUR-FU-10003691,5
FUR-FU-10003708,6
FUR-FU-10003724,9
FUR-FU-10003731,5
FUR-FU-10003773,5
FUR-FU-10003798,2
FUR-FU-10003799,5
FUR-FU-10003806,4
FUR-FU-10003829,7
FUR-FU-10003832,5
FUR-FU-10003849,5
FUR-FU-10003878,6
FUR-FU-10003919,2
FUR-FU-10003930,2
FUR-FU-10003975,5
FUR-FU-10003976,5
FUR-FU-10004006,6
FUR-FU-10004017,7
FUR-FU-10004018,8
FUR-FU-10004020,5
FUR-FU-10004053,6
FUR-FU-10004071,4
FUR-FU-10004090,7
FUR-FU-10004091,8
FUR-FU-10004093,3
FUR-FU-10004164,2
FUR-FU-10004188,5
FUR-FU-10004245,3
FUR-FU-10004270,16
FUR-FU-10004306,6
FUR-FU-10004351,16
FUR-FU-10004415,4
FUR-FU-10004460,2
FUR-FU-10004586,6
FUR-FU-10004587,3
FUR-FU-10004597,4
FUR-FU-10004622,3
FUR-FU-10004665,4
FUR-FU-10004666,3
FUR-FU-10004671,6
FUR-FU-10004712,2
FUR-FU-10004748,4
FUR-FU-10004845,3
FUR-FU-10004848,12
FUR-FU-10004864,13
FUR-FU-10004904,4
FUR-FU-10004909,4
FUR-FU-10004952,4
FUR-FU-10004960,3
FUR-FU-10004963,6
FUR-FU-10004973,12
FUR-TA-10000198,5
FUR-TA-10000577,8
FUR-TA-10000617,6
FUR-TA-10000688,6
FUR-TA-10000849,4
FUR-TA-10001086,5
FUR-TA-10001095,13
FUR-TA-10001307,5
FUR-TA-10001520,9
FUR-TA-10001539,9
FUR-TA-10001676,9
FUR-TA-10001705,4
FUR-TA-10001768,6
FUR-TA-10001771,4
FUR-TA-10001857,4
FUR-TA-10001866,2
FUR-TA-10001889,7
FUR-TA-10001932,6
FUR-TA-10001950,4
FUR-TA-10002041,6
FUR-TA-10002228,3
FUR-TA-10002356,6
FUR-TA-10002530,7
FUR-TA-10002533,5
FUR-TA-10002607,8
FUR-TA-10002622,4
FUR-TA-10002645,4
FUR-TA-10002774,3
FUR-TA-10002855,5
FUR-TA-10002903,5
FUR-TA-10002958,8
FUR-TA-10003008,8
FUR-TA-10003238,6
FUR-TA-10003392,4
FUR-TA-10003469,5
FUR-TA-10003473,12
FUR-TA-10003569,6
FUR-TA-10003715,4
FUR-TA-10003748,8
FUR-TA-10003837,2
FUR-TA-10003954,5
FUR-TA-10004086,18
FUR-TA-10004147,4
FUR-TA-10004152,5
FUR-TA-10004154,5
FUR-TA-10004175,3
FUR-TA-10004256,4
FUR-TA-10004289,3
FUR-TA-10004442,3
FUR-TA-10004534,5
FUR-TA-10004575,7
FUR-TA-10004607,7
FUR-TA-10004619,5
FUR-TA-10004767,4
FUR-TA-10004915,5
OFF-AP-10000026,6
OFF-AP-10000027,4
OFF-AP-10000055,4
OFF-AP-10000124,2
OFF-AP-10000159,3
OFF-AP-10000179,3
OFF-AP-10000240,5
OFF-AP-10000252,4
OFF-AP-10000275,3
OFF-AP-10000358,9
OFF-AP-10000390,3
OFF-AP-10000576,7
OFF-AP-10000595,4
OFF-AP-10000692,6
OFF-AP-10000696,8
OFF-AP-10000804,4
OFF-AP-10000828,7
OFF-AP-10000891,5
OFF-AP-10000938,4
OFF-AP-10001005,6
OFF-AP-10001058,4
OFF-AP-10001154,3
OFF-AP-10001205,10
OFF-AP-10001242,8
OFF-AP-10001271,6
OFF-AP-10001293,7
OFF-AP-10001303,4
OFF-AP-10001391,2
OFF-AP-10001394,5
OFF-AP-10001469,5
OFF-AP-10001492,9
OFF-AP-10001563,7
OFF-AP-10001564,3
OFF-AP-10001626,7
OFF-AP-10001634,2
OFF-AP-10001947,6
OFF-AP-10001962,6
OFF-AP-10002082,6
OFF-AP-10002118,6
OFF-AP-10002191,5
OFF-AP-10002287,5
OFF-AP-10002311,10
OFF-AP-10002350,8
OFF-AP-10002403,4
OFF-AP-10002439,3
OFF-AP-10002457,6
OFF-AP-10002472,2
OFF-AP-10002495,3
OFF-AP-10002518,5
OFF-AP-10002534,5
OFF-AP-10002578,7
OFF-AP-10002651,6
OFF-AP-10002670,2
OFF-AP-10002684,7
OFF-AP-10002765,6
OFF-AP-10002867,4
OFF-AP-10002892,7
OFF-AP-10002906,4
OFF-AP-10002945,8
OFF-AP-10002998,4
OFF-AP-10003040,5
OFF-AP-10003057,3
OFF-AP-10003217,3
OFF-AP-10003266,4
OFF-AP-10003278,5
OFF-AP-10003281,5
OFF-AP-10003287,6
OFF-AP-10003590,3
OFF-AP-10003622,5
OFF-AP-10003779,4
OFF-AP-10003842,6
OFF-AP-10003849,6
OFF-AP-10003860,3
OFF-AP-10003971,9
OFF-AP-10004036,4
OFF-AP-10004052,5
OFF-AP-10004136,2
OFF-AP-10004233,2
OFF-AP-10004249,13
OFF-AP-10004336,4
OFF-AP-10004487,7
OFF-AP-10004532,6
OFF-AP-10004540,4
OFF-AP-10004655,2
OFF-AP-10004708,9
OFF-AP-10004785,4
OFF-AP-10004859,8
OFF-AP-10004868,4
OFF-AP-10004980,4
OFF-AR-10000034,6
OFF-AR-10000122,7
OFF-AR-10000127,4
OFF-AR-10000203,4
OFF-AR-10000246,5
OFF-AR-10000255,3
OFF-AR-10000315,3
OFF-AR-10000369,3
OFF-AR-10000380,10
OFF-AR-10000390,7
OFF-AR-10000411,2
OFF-AR-10000422,4
OFF-AR-10000462,3
OFF-AR-10000475,4
OFF-AR-10000538,3
OFF-AR-10000588,9
OFF-AR-10000614,4
OFF-AR-10000634,7
OFF-AR-10000657,5
OFF-AR-10000658,7
OFF-AR-10000716,7
OFF-AR-10000799,2
OFF-AR-10000817,7
OFF-AR-10000823,3
OFF-AR-10000896,2
OFF-AR-10000914,4
OFF-AR-10000937,2
OFF-AR-10000940,7
OFF-AR-10001022,3
OFF-AR-10001026,3
OFF-AR-10001044,9
OFF-AR-10001118,2
OFF-AR-10001130,2
OFF-AR-10001149,7
OFF-AR-10001177,3
OFF-AR-10001216,3
OFF-AR-10001221,2
OFF-AR-10001227,2
OFF-AR-10001231,3
OFF-AR-10001246,7
OFF-AR-10001315,7
OFF-AR-10001374,6
OFF-AR-10001419,6
OFF-AR-10001427,4
OFF-AR-10001446,5
OFF-AR-10001468,3
OFF-AR-10001473,3
OFF-AR-10001545,6
OFF-AR-10001547,8
OFF-AR-10001573,6
OFF-AR-10001615,7
OFF-AR-10001662,7
OFF-AR-10001683,6
OFF-AR-10001725,6
OFF-AR-10001761,6
OFF-AR-10001770,4
OFF-AR-10001860,6
OFF-AR-10001868,8
OFF-AR-10001897,5
OFF-AR-10001915,7
OFF-AR-10001919,7
OFF-AR-10001940,4
OFF-AR-10001953,7
OFF-AR-10001954,4
OFF-AR-10001955,8
OFF-AR-10001958,7
OFF-AR-10001972,3
OFF-AR-10001988,3
OFF-AR-10002053,7
OFF-AR-10002067,6
OFF-AR-10002135,5
OFF-AR-10002221,3
OFF-AR-10002240,4
OFF-AR-10002255,5
OFF-AR-10002257,6
OFF-AR-10002335,6
OFF-AR-10002375,7
OFF-AR-10002399,7
OFF-AR-10002445,7
OFF-AR-10002467,3
OFF-AR-10002578,4
OFF-AR-10002656,5
OFF-AR-10002804,5
OFF-AR-10002818,2
OFF-AR-10002833,6
OFF-AR-10002952,4
OFF-AR-10002956,6
OFF-AR-10002987,7
OFF-AR-10003045,7
OFF-AR-10003056,7
OFF-AR-10003156,5
OFF-AR-10003158,5
OFF-AR-10003179,7
OFF-AR-10003183,8
OFF-AR-10003190,6
OFF-AR-10003217,2
OFF-AR-10003251,11
OFF-AR-10003338,7
OFF-AR-10003373,7
OFF-AR-10003394,5
OFF-AR-10003405,4
OFF-AR-10003469,8
OFF-AR-10003478,6
OFF-AR-10003481,6
OFF-AR-10003504,7
OFF-AR-10003514,8
OFF-AR-10003560,6
OFF-AR-10003582,8
OFF-AR-10003602,7
OFF-AR-10003651,6
OFF-AR-10003696,3
OFF-AR-10003723,2
OFF-AR-10003727,4
OFF-AR-10003732,11
OFF-AR-10003752,5
OFF-AR-10003759,7
OFF-AR-10003770,2
OFF-AR-10003772,2
OFF-AR-10003811,4
OFF-AR-10003829,9
OFF-AR-10003856,6
OFF-AR-10003876,2
OFF-AR-10003903,4
OFF-AR-10003958,2
OFF-AR-10004010,5
OFF-AR-10004022,6
OFF-AR-10004027,3
OFF-AR-10004042,6
OFF-AR-10004078,11
OFF-AR-10004165,3
OFF-AR-10004260,3
OFF-AR-10004269,5
OFF-AR-10004272,2
OFF-AR-10004344,6
OFF-AR-10004441,7
OFF-AR-10004456,4
OFF-AR-10004511,2
OFF-AR-10004582,5
OFF-AR-10004587,2
OFF-AR-10004602,7
OFF-AR-10004648,4
OFF-AR-10004685,7
OFF-AR-10004691,3
OFF-AR-10004752,4
OFF-AR-10004757,11
OFF-AR-10004817,3
OFF-AR-10004930,3
OFF-AR-10004956,3
OFF-AR-10004999,6
OFF-BI-10000014,8
OFF-BI-10000042,3
OFF-BI-10000050,10
OFF-BI-10000069,8
OFF-BI-10000088,8
OFF-BI-10000136,3
OFF-BI-10000138,8
OFF-BI-10000145,13
OFF-BI-10000174,9
OFF-BI-10000201,6
OFF-BI-10000216,3
OFF-BI-10000279,4
OFF-BI-10000285,5
OFF-BI-10000301,13
OFF-BI-10000309,9
OFF-BI-10000315,7
OFF-BI-10000320,10
OFF-BI-10000343,12
OFF-BI-10000404,6
OFF-BI-10000474,7
OFF-BI-10000494,4
OFF-BI-10000545,9
OFF-BI-10000546,12
OFF-BI-10000591,4
OFF-BI-10000605,9
OFF-BI-10000632,11
OFF-BI-10000666,8
OFF-BI-10000756,8
OFF-BI-10000773,8
OFF-BI-10000778,4
OFF-BI-10000822,5
OFF-BI-10000831,3
OFF-BI-10000848,6
OFF-BI-10000948,6
OFF-BI-10000962,10
OFF-BI-10000977,13
OFF-BI-10001031,8
OFF-BI-10001036,8
OFF-BI-10001071,7
OFF-BI-10001072,4
OFF-BI-10001078,7
OFF-BI-10001097,9
OFF-BI-10001098,9
OFF-BI-10001107,7
OFF-BI-10001116,10
OFF-BI-10001120,3
OFF-BI-10001132,4
OFF-BI-10001153,4
OFF-BI-10001191,6
OFF-BI-10001196,4
OFF-BI-10001249,10
OFF-BI-10001267,5
OFF-BI-10001294,5
OFF-BI-10001308,8
OFF-BI-10001359,11
OFF-BI-10001460,5
OFF-BI-10001510,7
OFF-BI-10001524,14
OFF-BI-10001525,8
OFF-BI-10001543,8
OFF-BI-10001553,8
OFF-BI-10001575,6
OFF-BI-10001597,12
OFF-BI-10001617,7
OFF-BI-10001628,10
OFF-BI-10001634,6
OFF-BI-10001636,9
OFF-BI-10001658,12
OFF-BI-10001670,11
OFF-BI-10001679,5
OFF-BI-10001718,10
OFF-BI-10001721,4
OFF-BI-10001757,10
OFF-BI-10001758,4
OFF-BI-10001759,5
OFF-BI-10001765,6
OFF-BI-10001787,4
OFF-BI-10001890,8
OFF-BI-10001900,4
OFF-BI-10001922,17
OFF-BI-10001982,7
OFF-BI-10001989,10
OFF-BI-10002003,7
OFF-BI-10002012,12
OFF-BI-10002026,14
OFF-BI-10002049,5
OFF-BI-10002071,9
OFF-BI-10002072,5
OFF-BI-10002082,10
OFF-BI-10002103,10
OFF-BI-10002133,8
OFF-BI-10002160,7
OFF-BI-10002194,4
OFF-BI-10002215,7
OFF-BI-10002225,7
OFF-BI-10002309,6
OFF-BI-10002353,11
OFF-BI-10002393,6
OFF-BI-10002412,5
OFF-BI-10002414,5
OFF-BI-10002429,9
OFF-BI-10002432,8
OFF-BI-10002437,3
OFF-BI-10002498,7
OFF-BI-10002557,8
OFF-BI-10002571,6
OFF-BI-10002609,7
OFF-BI-10002706,7
OFF-BI-10002735,10
OFF-BI-10002764,8
OFF-BI-10002794,7
OFF-BI-10002799,7
OFF-BI-10002813,8
OFF-BI-10002824,9
OFF-BI-10002827,6
OFF-BI-10002852,10
OFF-BI-10002854,8
OFF-BI-10002867,6
OFF-BI-10002897,4
OFF-BI-10002931,4
OFF-BI-10002949,8
OFF-BI-10002954,6
OFF-BI-10002976,4
OFF-BI-10002982,11
OFF-BI-10003007,7
OFF-BI-10003091,6
OFF-BI-10003094,4
OFF-BI-10003166,7
OFF-BI-10003196,8
OFF-BI-10003274,9
OFF-BI-10003291,12
OFF-BI-10003305,6
OFF-BI-10003314,9
OFF-BI-10003350,4
OFF-BI-10003355,8
OFF-BI-10003364,9
OFF-BI-10003429,9
OFF-BI-10003460,9
OFF-BI-10003476,6
OFF-BI-10003527,10
OFF-BI-10003529,6
OFF-BI-10003638,8
OFF-BI-10003650,8
OFF-BI-10003655,2
OFF-BI-10003656,9
OFF-BI-10003669,7
OFF-BI-10003676,12
OFF-BI-10003684,9
OFF-BI-10003694,6
OFF-BI-10003707,11
OFF-BI-10003708,6
OFF-BI-10003712,11
OFF-BI-10003718,2
OFF-BI-10003719,5
OFF-BI-10003727,9
OFF-BI-10003784,4
OFF-BI-10003876,5
OFF-BI-10003910,10
OFF-BI-10003925,6
OFF-BI-10003963,3
OFF-BI-10003981,7
OFF-BI-10003982,10
OFF-BI-10003984,7
OFF-BI-10004001,8
OFF-BI-10004002,7
OFF-BI-10004022,8
OFF-BI-10004040,9
OFF-BI-10004094,5
OFF-BI-10004099,4
OFF-BI-10004139,2
OFF-BI-10004140,20
OFF-BI-10004141,5
OFF-BI-10004182,4
OFF-BI-10004187,6
OFF-BI-10004209,10
OFF-BI-10004224,8
OFF-BI-10004230,5
OFF-BI-10004233,8
OFF-BI-10004236,10
OFF-BI-10004308,4
OFF-BI-10004318,8
OFF-BI-10004330,7
OFF-BI-10004352,2
OFF-BI-10004390,4
OFF-BI-10004410,4
OFF-BI-10004465,5
OFF-BI-10004492,7
OFF-BI-10004506,5
OFF-BI-10004519,8
OFF-BI-10004528,4
OFF-BI-10004584,5
OFF-BI-10004593,8
OFF-BI-10004600,8
OFF-BI-10004632,14
OFF-BI-10004654,11
OFF-BI-10004656,7
OFF-BI-10004716,2
OFF-BI-10004728,13
OFF-BI-10004738,6
OFF-BI-10004781,5
OFF-BI-10004817,7
OFF-BI-10004826,6
OFF-BI-10004828,6
OFF-BI-10004876,3
OFF-BI-10004965,7
OFF-BI-10004967,6
OFF-BI-10004970,13
OFF-BI-10004995,6
OFF-EN-10000056,8
OFF-EN-10000461,10
OFF-EN-10000483,5
OFF-EN-10000927,4
OFF-EN-10001137,4
OFF-EN-10001141,4
OFF-EN-10001219,8
OFF-EN-10001335,6
OFF-EN-10001434,4
OFF-EN-10001453,5
OFF-EN-10001509,11
OFF-EN-10001532,5
OFF-EN-10001990,48
OFF-EN-10002230,6
OFF-EN-10002312,4
OFF-EN-10002500,7
OFF-EN-10002504,7
OFF-EN-10002600,7
OFF-EN-10002831,3
OFF-EN-10002973,3
OFF-EN-10002986,2
OFF-EN-10003001,4
OFF-EN-10003040,4
OFF-EN-10003055,7
OFF-EN-10003068,4
OFF-EN-10003072,4
OFF-EN-10003160,3
OFF-EN-10003296,5
OFF-EN-10003448,6
OFF-EN-10003567,3
OFF-EN-10003798,2
OFF-EN-10003845,5
OFF-EN-10003862,5
OFF-EN-10004030,6
OFF-EN-10004147,3
OFF-EN-10004386,5
OFF-EN-10004459,9
OFF-EN-10004483,7
OFF-EN-10004846,4
OFF-EN-10004955,3
OFF-FA-10000053,6
OFF-FA-10000134,5
OFF-FA-10000254,2
OFF-FA-10000304,7
OFF-FA-10000490,5
OFF-FA-10000585,8
OFF-FA-10000611,7
OFF-FA-10000621,7
OFF-FA-10000624,7
OFF-FA-10000840,3
OFF-FA-10000936,6
OFF-FA-10000992,5
OFF-FA-10001135,3
OFF-FA-10001332,5
OFF-FA-10001561,8
OFF-FA-10001754,2
OFF-FA-10001883,4
OFF-FA-10002280,10
OFF-FA-10002676,5
OFF-FA-10002701,2
OFF-FA-10002763,6
OFF-FA-10002780,65
OFF-FA-10002983,3
OFF-FA-10002988,8
OFF-FA-10003059,8
OFF-FA-10003467,4
OFF-FA-10003472,5
OFF-FA-10004076,3
OFF-FA-10004248,5
OFF-FA-10004395,5
OFF-FA-10004838,4
OFF-FA-10004854,8
OFF-FA-10004968,4
OFF-LA-10000081,4
OFF-LA-10000121,3
OFF-LA-10000134,6
OFF-LA-10000240,7
OFF-LA-10000248,6
OFF-LA-10000262,6
OFF-LA-10000305,4
OFF-LA-10000407,4
OFF-LA-10000414,4
OFF-LA-10000443,8
OFF-LA-10000452,6
OFF-LA-10000476,2
OFF-LA-10000634,4
OFF-LA-10000973,3
OFF-LA-10001045,6
OFF-LA-10001074,6
OFF-LA-10001158,7
OFF-LA-10001175,4
OFF-LA-10001297,6
OFF-LA-10001317,5
OFF-LA-10001404,4
OFF-LA-10001474,4
OFF-LA-10001569,11
OFF-LA-10001613,13
OFF-LA-10001641,8
OFF-LA-10001771,5
OFF-LA-10001934,4
OFF-LA-10001982,5
OFF-LA-10002034,4
OFF-LA-10002043,5
OFF-LA-10002195,5
OFF-LA-10002271,5
OFF-LA-10002312,5
OFF-LA-10002368,3
OFF-LA-10002381,2
OFF-LA-10002475,6
OFF-LA-10002762,8
OFF-LA-10002787,6
OFF-LA-10002945,6
OFF-LA-10003077,2
OFF-LA-10003121,3
OFF-LA-10003148,5
OFF-LA-10003190,9
OFF-LA-10003223,6
OFF-LA-10003498,4
OFF-LA-10003510,11
OFF-LA-10003537,2
OFF-LA-10003663,3
OFF-LA-10003714,3
OFF-LA-10003720,7
OFF-LA-10003766,7
OFF-LA-10003923,9
OFF-LA-10003930,8
OFF-LA-10004008,2
OFF-LA-10004055,2
OFF-LA-10004093,9
OFF-LA-10004178,3
OFF-LA-10004272,2
OFF-LA-10004345,4
OFF-LA-10004409,5
OFF-LA-10004425,5
OFF-LA-10004484,10
OFF-LA-10004544,7
OFF-LA-10004545,5
OFF-LA-10004559,6
OFF-LA-10004677,2
OFF-LA-10004689,5
OFF-LA-10004853,6
OFF-PA-10000007,3
OFF-PA-10000019,8
OFF-PA-10000029,6
OFF-PA-10000061,4
OFF-PA-10000062,5
OFF-PA-10000069,3
OFF-PA-10000100,8
OFF-PA-10000130,4
OFF-PA-10000141,4
OFF-PA-10000143,6
OFF-PA-10000157,10
OFF-PA-10000167,6
OFF-PA-10000174,6
OFF-PA-10000176,8
OFF-PA-10000213,3
OFF-PA-10000223,5
OFF-PA-10000232,5
OFF-PA-10000241,6
OFF-PA-10000246,5
OFF-PA-10000249,46
OFF-PA-10000289,6
OFF-PA-10000295,3
OFF-PA-10000300,3
OFF-PA-10000304,6
OFF-PA-10000312,2
OFF-PA-10000327,6
OFF-PA-10000350,2
OFF-PA-10000357,12
OFF-PA-10000380,8
OFF-PA-10000418,6
OFF-PA-10000466,3
OFF-PA-10000477,7
OFF-PA-10000482,6
OFF-PA-10000483,4
OFF-PA-10000501,3
OFF-PA-10000520,5
OFF-PA-10000528,4
OFF-PA-10000533,6
OFF-PA-10000551,3
OFF-PA-10000552,5
OFF-PA-10000556,2
OFF-PA-10000575,7
OFF-PA-10000587,4
OFF-PA-10000595,4
OFF-PA-10000605,3
OFF-PA-10000659,7
OFF-PA-10000673,2
OFF-PA-10000675,9
OFF-PA-10000682,4
OFF-PA-10000697,3
OFF-PA-10000726,4
OFF-PA-10000740,3
OFF-PA-10000743,6
OFF-PA-10000788,6
OFF-PA-10000791,6
OFF-PA-10000806,5
OFF-PA-10000807,3
OFF-PA-10000809,5
OFF-PA-10000859,2
OFF-PA-10000955,3
OFF-PA-10000994,9
OFF-PA-10001019,8
OFF-PA-10001033,11
OFF-PA-10001125,9
OFF-PA-10001144,5
OFF-PA-10001166,10
OFF-PA-10001184,6
OFF-PA-10001204,5
OFF-PA-10001215,3
OFF-PA-10001243,2
OFF-PA-10001246,2
OFF-PA-10001260,2
OFF-PA-10001274,2
OFF-PA-10001289,8
OFF-PA-10001293,3
OFF-PA-10001295,7
OFF-PA-10001307,4
OFF-PA-10001357,5
OFF-PA-10001363,5
OFF-PA-10001457,2
OFF-PA-10001461,2
OFF-PA-10001471,4
OFF-PA-10001497,5
OFF-PA-10001509,5
OFF-PA-10001526,8
OFF-PA-10001534,5
OFF-PA-10001560,5
OFF-PA-10001569,4
OFF-PA-10001583,2
OFF-PA-10001593,5
OFF-PA-10001609,6
OFF-PA-10001622,4
OFF-PA-10001639,6
OFF-PA-10001667,8
OFF-PA-10001712,3
OFF-PA-10001725,2
OFF-PA-10001736,5
OFF-PA-10001745,3
OFF-PA-10001752,3
OFF-PA-10001763,2
OFF-PA-10001776,9
OFF-PA-10001790,5
OFF-PA-10001800,8
OFF-PA-10001801,3
OFF-PA-10001804,8
OFF-PA-10001815,5
OFF-PA-10001826,2
OFF-PA-10001837,2
OFF-PA-10001838,10
OFF-PA-10001846,5
OFF-PA-10001870,8
OFF-PA-10001878,7
OFF-PA-10001892,5
OFF-PA-10001934,8
OFF-PA-10001937,7
OFF-PA-10001947,4
OFF-PA-10001950,5
OFF-PA-10001952,2
OFF-PA-10001954,5
OFF-PA-10001970,19
OFF-PA-10001972,9
OFF-PA-10001977,4
OFF-PA-10001994,3
OFF-PA-10002005,9
OFF-PA-10002036,5
OFF-PA-10002105,3
OFF-PA-10002109,2
OFF-PA-10002120,3
OFF-PA-10002137,7
OFF-PA-10002160,8
OFF-PA-10002195,12
OFF-PA-10002222,6
OFF-PA-10002230,4
OFF-PA-10002245,7
OFF-PA-10002246,6
OFF-PA-10002250,7
OFF-PA-10002254,7
OFF-PA-10002259,3
OFF-PA-10002262,6
OFF-PA-10002319,6
OFF-PA-10002365,5
OFF-PA-10002377,14
OFF-PA-10002421,4
OFF-PA-10002464,4
OFF-PA-10002479,8
OFF-PA-10002499,2
OFF-PA-10002552,2
OFF-PA-10002581,6
OFF-PA-10002586,6
OFF-PA-10002606,4
OFF-PA-10002615,8
OFF-PA-10002659,5
OFF-PA-10002666,4
OFF-PA-10002689,5
OFF-PA-10002709,2
OFF-PA-10002713,8
OFF-PA-10002741,2
OFF-PA-10002749,3
OFF-PA-10002751,4
OFF-PA-10002787,8
OFF-PA-10002870,5
OFF-PA-10002893,5
OFF-PA-10002923,6
OFF-PA-10002947,5
OFF-PA-10002968,2
OFF-PA-10002986,11
OFF-PA-10003001,4
OFF-PA-10003016,5
OFF-PA-10003022,6
OFF-PA-10003036,4
OFF-PA-10003039,6
OFF-PA-10003063,3
OFF-PA-10003072,6
OFF-PA-10003129,4
OFF-PA-10003134,4
OFF-PA-10003172,8
OFF-PA-10003177,7
OFF-PA-10003205,2
OFF-PA-10003228,5
OFF-PA-10003256,3
OFF-PA-10003270,4
OFF-PA-10003302,7
OFF-PA-10003309,4
OFF-PA-10003349,6
OFF-PA-10003363,4
OFF-PA-10003395,5
OFF-PA-10003424,3
OFF-PA-10003441,11
OFF-PA-10003465,4
OFF-PA-10003543,2
OFF-PA-10003591,3
OFF-PA-10003625,3
OFF-PA-10003641,9
OFF-PA-10003651,5
OFF-PA-10003656,4
OFF-PA-10003657,5
OFF-PA-10003673,9
OFF-PA-10003724,7
OFF-PA-10003729,2
OFF-PA-10003790,6
OFF-PA-10003797,5
OFF-PA-10003823,3
OFF-PA-10003845,4
OFF-PA-10003848,8
OFF-PA-10003883,5
OFF-PA-10003892,4
OFF-PA-10003893,7
OFF-PA-10003936,4
OFF-PA-10003953,5
OFF-PA-10003971,4
OFF-PA-10004000,4
OFF-PA-10004022,2
OFF-PA-10004039,5
OFF-PA-10004040,5
OFF-PA-10004041,6
OFF-PA-10004071,10
OFF-PA-10004082,7
OFF-PA-10004092,3
OFF-PA-10004100,8
OFF-PA-10004101,5
OFF-PA-10004156,8
OFF-PA-10004239,4
OFF-PA-10004243,5
OFF-PA-10004248,2
OFF-PA-10004255,4
OFF-PA-10004285,6
OFF-PA-10004327,5
OFF-PA-10004353,5
OFF-PA-10004355,5
OFF-PA-10004359,5
OFF-PA-10004381,4
OFF-PA-10004405,2
OFF-PA-10004438,3
OFF-PA-10004451,7
OFF-PA-10004470,3
OFF-PA-10004475,4
OFF-PA-10004519,4
OFF-PA-10004530,4
OFF-PA-10004569,6
OFF-PA-10004609,4
OFF-PA-10004610,7
OFF-PA-10004621,7
OFF-PA-10004665,5
OFF-PA-10004675,6
OFF-PA-10004733,3
OFF-PA-10004734,2
OFF-PA-10004735,5
OFF-PA-10004782,4
OFF-PA-10004888,8
OFF-PA-10004911,5
OFF-PA-10004948,2
OFF-PA-10004965,3
OFF-PA-10004971,8
OFF-PA-10004983,6
OFF-PA-10004996,5
OFF-ST-10000025,8
OFF-ST-10000036,6
OFF-ST-10000046,9
OFF-ST-10000060,8
OFF-ST-10000078,11
OFF-ST-10000107,4
OFF-ST-10000129,3
OFF-ST-10000136,2
OFF-ST-10000142,5
OFF-ST-10000321,6
OFF-ST-10000344,7
OFF-ST-10000352,4
OFF-ST-10000419,7
OFF-ST-10000464,5
OFF-ST-10000532,6
OFF-ST-10000563,12
OFF-ST-10000585,7
OFF-ST-10000604,7
OFF-ST-10000615,8
OFF-ST-10000617,6
OFF-ST-10000636,7
OFF-ST-10000642,6
OFF-ST-10000649,5
OFF-ST-10000675,7
OFF-ST-10000676,2
OFF-ST-10000689,7
OFF-ST-10000736,12
OFF-ST-10000760,5
OFF-ST-10000777,5
OFF-ST-10000798,4
OFF-ST-10000876,8
OFF-ST-10000877,4
OFF-ST-10000885,4
OFF-ST-10000918,7
OFF-ST-10000934,5
OFF-ST-10000943,7
OFF-ST-10000991,8
OFF-ST-10001031,5
OFF-ST-10001097,5
OFF-ST-10001128,6
OFF-ST-10001172,5
OFF-ST-10001228,9
OFF-ST-10001272,5
OFF-ST-10001291,5
OFF-ST-10001321,9
OFF-ST-10001325,11
OFF-ST-10001328,8
OFF-ST-10001370,8
OFF-ST-10001418,5
OFF-ST-10001469,7
OFF-ST-10001476,5
OFF-ST-10001490,13
OFF-ST-10001496,10
OFF-ST-10001505,8
OFF-ST-10001511,7
OFF-ST-10001522,10
OFF-ST-10001526,8
OFF-ST-10001558,11
OFF-ST-10001580,5
OFF-ST-10001590,10
OFF-ST-10001713,6
OFF-ST-10001780,5
OFF-ST-10001809,11
OFF-ST-10001837,8
OFF-ST-10001932,7
OFF-ST-10001963,4
OFF-ST-10002011,3
OFF-ST-10002182,3
OFF-ST-10002205,3
OFF-ST-10002214,9
OFF-ST-10002276,5
OFF-ST-10002289,4
OFF-ST-10002292,2
OFF-ST-10002301,9
OFF-ST-10002344,8
OFF-ST-10002352,6
OFF-ST-10002370,6
OFF-ST-10002406,6
OFF-ST-10002444,6
OFF-ST-10002485,8
OFF-ST-10002486,8
OFF-ST-10002554,9
OFF-ST-10002574,10
OFF-ST-10002583,7
OFF-ST-10002615,9
OFF-ST-10002743,10
OFF-ST-10002756,7
OFF-ST-10002790,5
OFF-ST-10002957,5
OFF-ST-10002974,7
OFF-ST-10003058,6
OFF-ST-10003123,10
OFF-ST-10003208,12
OFF-ST-10003221,10
OFF-ST-10003282,4
OFF-ST-10003306,8
OFF-ST-10003324,2
OFF-ST-10003327,4
OFF-ST-10003442,9
OFF-ST-10003455,7
OFF-ST-10003470,6
OFF-ST-10003479,7
OFF-ST-10003572,2
OFF-ST-10003638,5
OFF-ST-10003641,3
OFF-ST-10003656,5
OFF-ST-10003692,6
OFF-ST-10003716,12
OFF-ST-10003722,4
OFF-ST-10003805,4
OFF-ST-10003816,8
OFF-ST-10003994,4
OFF-ST-10003996,4
OFF-ST-10004123,8
OFF-ST-10004180,5
OFF-ST-10004186,5
OFF-ST-10004258,6
OFF-ST-10004337,5
OFF-ST-10004340,10
OFF-ST-10004459,8
OFF-ST-10004507,10
OFF-ST-10004634,6
OFF-ST-10004804,10
OFF-ST-10004835,4
OFF-ST-10004946,2
OFF-ST-10004950,11
OFF-ST-10004963,6
OFF-SU-10000151,3
OFF-SU-10000157,8
OFF-SU-10000381,8
OFF-SU-10000432,4
OFF-SU-10000646,5
OFF-SU-10000898,7
OFF-SU-10000952,3
OFF-SU-10001165,5
OFF-SU-10001212,2
OFF-SU-10001218,7
OFF-SU-10001225,18
OFF-SU-10001574,10
OFF-SU-10001664,7
OFF-SU-10002189,3
OFF-SU-10002301,2
OFF-SU-10002503,4
OFF-SU-10002522,5
OFF-SU-10002537,6
OFF-SU-10002557,4
OFF-SU-10002573,8
OFF-SU-10002881,6
OFF-SU-10003002,2
OFF-SU-10003505,8
OFF-SU-10003567,4
OFF-SU-10003936,2
OFF-SU-10004115,4
OFF-SU-10004231,6
OFF-SU-10004261,4
OFF-SU-10004290,3
OFF-SU-10004498,7
OFF-SU-10004661,5
OFF-SU-10004664,4
OFF-SU-10004737,3
OFF-SU-10004768,3
OFF-SU-10004782,7
OFF-SU-10004884,3
TEC-AC-10000023,5
TEC-AC-10000057,5
TEC-AC-10000109,9
TEC-AC-10000158,9
TEC-AC-10000171,5
TEC-AC-10000199,3
TEC-AC-10000290,4
TEC-AC-10000303,3
TEC-AC-10000358,6
TEC-AC-10000387,3
TEC-AC-10000397,3
TEC-AC-10000420,4
TEC-AC-10000474,6
TEC-AC-10000487,2
TEC-AC-10000521,4
TEC-AC-10000580,4
TEC-AC-10000682,6
TEC-AC-10000710,3
TEC-AC-10000736,8
TEC-AC-10000844,8
TEC-AC-10000865,4
TEC-AC-10000892,7
TEC-AC-10000927,4
TEC-AC-10000990,3
TEC-AC-10000991,4
TEC-AC-10001013,6
TEC-AC-10001090,2
TEC-AC-10001101,4
TEC-AC-10001109,9
TEC-AC-10001114,4
TEC-AC-10001142,5
TEC-AC-10001266,8
TEC-AC-10001267,5
TEC-AC-10001284,5
TEC-AC-10001314,8
TEC-AC-10001383,3
TEC-AC-10001432,5
TEC-AC-10001445,3
TEC-AC-10001465,9
TEC-AC-10001539,4
TEC-AC-10001542,3
TEC-AC-10001552,5
TEC-AC-10001553,5
TEC-AC-10001590,2
TEC-AC-10001606,7
TEC-AC-10001635,3
TEC-AC-10001714,7
TEC-AC-10001767,6
TEC-AC-10001772,6
TEC-AC-10001838,7
TEC-AC-10001874,3
TEC-AC-10001908,6
TEC-AC-10001956,2
TEC-AC-10001990,5
TEC-AC-10001998,6
TEC-AC-10002001,6
TEC-AC-10002006,7
TEC-AC-10002018,5
TEC-AC-10002049,15
TEC-AC-10002076,4
TEC-AC-10002134,3
TEC-AC-10002167,8
TEC-AC-10002217,7
TEC-AC-10002253,4
TEC-AC-10002305,6
TEC-AC-10002323,11
TEC-AC-10002331,5
TEC-AC-10002335,4
TEC-AC-10002345,6
TEC-AC-10002370,3
TEC-AC-10002399,6
TEC-AC-10002402,8
TEC-AC-10002473,11
TEC-AC-10002550,8
TEC-AC-10002558,2
TEC-AC-10002567,9
TEC-AC-10002600,2
TEC-AC-10002637,5
TEC-AC-10002647,2
TEC-AC-10002718,6
TEC-AC-10002800,9
TEC-AC-10002842,8
TEC-AC-10002857,3
TEC-AC-10002926,8
TEC-AC-10002942,6
TEC-AC-10003023,5
TEC-AC-10003027,3
TEC-AC-10003033,10
TEC-AC-10003038,13
TEC-AC-10003063,6
TEC-AC-10003095,6
TEC-AC-10003116,8
TEC-AC-10003174,6
TEC-AC-10003198,6
TEC-AC-10003237,3
TEC-AC-10003280,8
TEC-AC-10003289,5
TEC-AC-10003399,6
TEC-AC-10003433,5
TEC-AC-10003441,7
TEC-AC-10003447,4
TEC-AC-10003499,5
TEC-AC-10003590,5
TEC-AC-10003610,6
TEC-AC-10003614,5
TEC-AC-10003628,15
TEC-AC-10003657,5
TEC-AC-10003709,5
TEC-AC-10003832,18
TEC-AC-10003870,4
TEC-AC-10003911,5
TEC-AC-10004001,2
TEC-AC-10004114,2
TEC-AC-10004145,5
TEC-AC-10004171,6
TEC-AC-10004209,5
TEC-AC-10004227,7
TEC-AC-10004353,7
TEC-AC-10004396,3
TEC-AC-10004469,10
TEC-AC-10004510,12
TEC-AC-10004518,2
TEC-AC-10004568,8
TEC-AC-10004571,9
TEC-AC-10004595,2
TEC-AC-10004633,6
TEC-AC-10004659,6
TEC-AC-10004666,2
TEC-AC-10004708,4
TEC-AC-10004761,4
TEC-AC-10004803,3
TEC-AC-10004855,4
TEC-AC-10004859,4
TEC-AC-10004864,5
TEC-AC-10004877,5
TEC-AC-10004901,4
TEC-AC-10004975,4
TEC-AC-10004992,2
TEC-CO-10000971,6
TEC-CO-10001046,5
TEC-CO-10001449,8
TEC-CO-10001571,7
TEC-CO-10001766,3
TEC-CO-10001943,6
TEC-CO-10002095,7
TEC-CO-10002313,4
TEC-CO-10003236,2
TEC-CO-10003763,4
TEC-CO-10004115,4
TEC-CO-10004202,7
TEC-CO-10004722,5
TEC-MA-10000029,2
TEC-MA-10000045,2
TEC-MA-10000418,3
TEC-MA-10000423,3
TEC-MA-10000488,4
TEC-MA-10000597,2
TEC-MA-10000752,2
TEC-MA-10000822,4
TEC-MA-10000864,2
TEC-MA-10000984,2
TEC-MA-10001016,2
TEC-MA-10001047,2
TEC-MA-10001127,3
TEC-MA-10001148,5
TEC-MA-10001681,2
TEC-MA-10001972,5
TEC-MA-10002073,2
TEC-MA-10002109,2
TEC-MA-10002178,2
TEC-MA-10002210,2
TEC-MA-10002428,3
TEC-MA-10002859,2
TEC-MA-10002930,3
TEC-MA-10003173,2
TEC-MA-10003176,2
TEC-MA-10003183,3
TEC-MA-10003230,2
TEC-MA-10003356,2
TEC-MA-10003626,2
TEC-MA-10003979,2
TEC-MA-10004002,3
TEC-MA-10004241,2
TEC-MA-10004626,2
TEC-MA-10004679,4
TEC-PH-10000004,2
TEC-PH-10000011,5
TEC-PH-10000038,5
TEC-PH-10000127,2
TEC-PH-10000141,3
TEC-PH-10000148,5
TEC-PH-10000149,5
TEC-PH-10000169,4
TEC-PH-10000193,4
TEC-PH-10000213,3
TEC-PH-10000215,6
TEC-PH-10000307,3
TEC-PH-10000347,6
TEC-PH-10000369,4
TEC-PH-10000376,7
TEC-PH-10000439,4
TEC-PH-10000441,8
TEC-PH-10000455,3
TEC-PH-10000486,3
TEC-PH-10000526,7
TEC-PH-10000560,6
TEC-PH-10000562,2
TEC-PH-10000576,7
TEC-PH-10000586,3
TEC-PH-10000673,5
TEC-PH-10000675,3
TEC-PH-10000702,5
TEC-PH-10000730,2
TEC-PH-10000895,8
TEC-PH-10000912,2
TEC-PH-10000923,5
TEC-PH-10000984,7
TEC-PH-10001051,4
TEC-PH-10001061,4
TEC-PH-10001079,4
TEC-PH-10001128,4
TEC-PH-10001198,4
TEC-PH-10001254,4
TEC-PH-10001299,5
TEC-PH-10001300,5
TEC-PH-10001305,6
TEC-PH-10001336,9
TEC-PH-10001363,4
TEC-PH-10001425,6
TEC-PH-10001433,4
TEC-PH-10001448,5
TEC-PH-10001459,6
TEC-PH-10001494,4
TEC-PH-10001527,7
TEC-PH-10001530,9
TEC-PH-10001536,5
TEC-PH-10001552,10
TEC-PH-10001557,10
TEC-PH-10001578,4
TEC-PH-10001580,5
TEC-PH-10001615,5
TEC-PH-10001619,4
TEC-PH-10001644,3
TEC-PH-10001700,7
TEC-PH-10001750,8
TEC-PH-10001760,5
TEC-PH-10001795,5
TEC-PH-10001809,5
TEC-PH-10001817,10
TEC-PH-10001819,6
TEC-PH-10001835,3
TEC-PH-10001870,3
TEC-PH-10001918,3
TEC-PH-10001924,5
TEC-PH-10001944,6
TEC-PH-10002033,4
TEC-PH-10002070,3
TEC-PH-10002085,4
TEC-PH-10002103,9
TEC-PH-10002115,4
TEC-PH-10002170,6
TEC-PH-10002185,5
TEC-PH-10002200,8
TEC-PH-10002262,4
TEC-PH-10002275,4
TEC-PH-10002293,6
TEC-PH-10002310,7
TEC-PH-10002350,4
TEC-PH-10002365,3
TEC-PH-10002398,3
TEC-PH-10002415,5
TEC-PH-10002447,4
TEC-PH-10002468,5
TEC-PH-10002483,2
TEC-PH-10002496,9
TEC-PH-10002538,6
TEC-PH-10002549,6
TEC-PH-10002555,4
TEC-PH-10002563,5
TEC-PH-10002564,8
TEC-PH-10002583,5
TEC-PH-10002584,5
TEC-PH-10002597,2
TEC-PH-10002624,5
TEC-PH-10002660,6
TEC-PH-10002680,3
TEC-PH-10002726,7
TEC-PH-10002789,3
TEC-PH-10002807,4
TEC-PH-10002824,3
TEC-PH-10002834,5
TEC-PH-10002844,4
TEC-PH-10002885,6
TEC-PH-10002890,10
TEC-PH-10002922,4
TEC-PH-10002923,10
TEC-PH-10003012,10
TEC-PH-10003072,5
TEC-PH-10003092,6
TEC-PH-10003095,7
TEC-PH-10003171,7
TEC-PH-10003174,2
TEC-PH-10003187,4
TEC-PH-10003215,4
TEC-PH-10003273,4
TEC-PH-10003356,3
TEC-PH-10003357,4
TEC-PH-10003437,4
TEC-PH-10003442,5
TEC-PH-10003484,5
TEC-PH-10003505,11
TEC-PH-10003555,9
TEC-PH-10003580,4
TEC-PH-10003589,7
TEC-PH-10003601,4
TEC-PH-10003645,7
TEC-PH-10003655,2
TEC-PH-10003691,6
TEC-PH-10003800,5
TEC-PH-10003811,5
TEC-PH-10003875,3
TEC-PH-10003885,5
TEC-PH-10003931,6
TEC-PH-10003963,3
TEC-PH-10003988,8
TEC-PH-10004006,3
TEC-PH-10004042,4
TEC-PH-10004071,5
TEC-PH-10004080,4
TEC-PH-10004093,7
TEC-PH-10004094,6
TEC-PH-10004100,6
TEC-PH-10004120,3
TEC-PH-10004165,9
TEC-PH-10004188,4
TEC-PH-10004345,5
TEC-PH-10004348,2
TEC-PH-10004389,3
TEC-PH-10004434,3
TEC-PH-10004447,8
TEC-PH-10004522,3
TEC-PH-10004531,7
TEC-PH-10004536,3
TEC-PH-10004539,7
TEC-PH-10004586,6
TEC-PH-10004614,7
TEC-PH-10004667,6
TEC-PH-10004700,4
TEC-PH-10004774,3
TEC-PH-10004833,4
TEC-PH-10004896,5
TEC-PH-10004897,7
TEC-PH-10004908,7
TEC-PH-10004912,3
TEC-PH-10004922,5
TEC-PH-10004924,3
TEC-PH-10004959,2
TEC-PH-10004977,9
